approach,mpbias,rmspe,medae,mse,coverage,prcloser,med_ci_len,N,n,psill_ratio,range,gridded,resptype,total_var,nugget_ratio,psill,nugget
Design GRTS,-0.003387708361980096,0.15109881153023028,0.10069800817698102,0.13551673325424748,0.917,0.258,0.5309988705465447,900,50,0.5,0.47140452079103173,FALSE,normal,2,0.5,1,1
Design IRS,0.003745386604091928,0.16567492949740598,0.10963492322198022,0.17365943240235546,0.959,0.2625,0.6748503450125427,900,50,0.5,0.47140452079103173,FALSE,normal,2,0.5,1,1
Model GRTS,-0.00370415925354401,0.15036054675317875,0.10163232808342526,0.14468565770976194,0.9305,0.237,0.5664334498273444,900,50,0.5,0.47140452079103173,FALSE,normal,2,0.5,1,1
Model IRS,0.002722844466599131,0.1546342010666758,0.10102309073406988,0.15586481062049062,0.9495,0.2425,0.6102797232581325,900,50,0.5,0.47140452079103173,FALSE,normal,2,0.5,1,1
