approach,mpbias,rmspe,medae,coverage,prcloser,med_ci_len,N,n,psill_ratio,range,gridded,resptype,total_var,nugget_ratio,psill,nugget
Design GRTS,0.0012658163673109047,0.10406126561384196,0.07025651783308191,0.9155,0.236,0.36521924237060926,900,100,0.5,0.47140452079103173,FALSE,normal,2,0.5,1,1
Design IRS,-0.006422140703267137,0.12215300198143718,0.08387486859696833,0.944,0.3215,0.46331402483501083,900,100,0.5,0.47140452079103173,FALSE,normal,2,0.5,1,1
Model GRTS,0.001397582234167962,0.10197369919894915,0.06984210229417026,0.94,0.201,0.3870471924089073,900,100,0.5,0.47140452079103173,FALSE,normal,2,0.5,1,1
Model IRS,-0.0048636888140561815,0.10726132324957952,0.07675465060754272,0.944,0.2415,0.4116936824889358,900,100,0.5,0.47140452079103173,FALSE,normal,2,0.5,1,1
