approach,mpbias,rmspe,medae,mse,coverage,prcloser,med_ci_len,N,n,psill_ratio,range,gridded,resptype,total_var,nugget_ratio,psill,nugget
Design GRTS,0.0041736526447449475,0.1303102870368624,0.0847333214006124,0.11696073374231185,0.9035,0.216,0.44049022764315504,900,100,0,0.47140452079103173,TRUE,lognormal,0.6931268193922153,1,0,0.6931268193922153
Design IRS,-0.00515430983151975,0.13337409192160182,0.08489487249738392,0.130868897443403,0.9335,0.249,0.4852216234455422,900,100,0,0.47140452079103173,TRUE,lognormal,0.6931268193922153,1,0,0.6931268193922153
Model GRTS,0.003395727055162343,0.13074691888435216,0.08452432625508466,0.1265828032439449,0.9265,0.2615,0.4766007584426357,900,100,0,0.47140452079103173,TRUE,lognormal,0.6931268193922153,1,0,0.6931268193922153
Model IRS,-0.007167244300636407,0.1350222821140222,0.08674127908042972,0.1300974203930437,0.93,0.275,0.4821144497736134,900,100,0,0.47140452079103173,TRUE,lognormal,0.6931268193922153,1,0,0.6931268193922153
