approach,mpbias,rmspe,medae,mse,coverage,prcloser,med_ci_len,N,n,psill_ratio,range,gridded,resptype,total_var,nugget_ratio,psill,nugget,seed
Design GRTS,-7.094684530789902e-5,0.06802636242505433,0.038629707318682316,0.0626461444606486,0.94,0.2445,0.2252655549424749,900,200,0.5,0.47140452079103173,FALSE,lognormal,0.6931268193922153,0.5,0.34656340969610766,0.34656340969610766,
Design IRS,-0.004072561735167379,0.07889567848934768,0.043216472348027446,0.07411429803723263,0.951,0.3055,0.26834235101129233,900,200,0.5,0.47140452079103173,FALSE,lognormal,0.6931268193922153,0.5,0.34656340969610766,0.34656340969610766,
Model GRTS,-6.925296205612165e-4,0.06790932497952314,0.03780958197026085,0.06278723956267097,0.9385,0.1985,0.22422363489162578,900,200,0.5,0.47140452079103173,FALSE,lognormal,0.6931268193922153,0.5,0.34656340969610766,0.34656340969610766,
Model IRS,-0.004841541387063179,0.07285873063781052,0.04041736709719518,0.06634729398833814,0.935,0.2515,0.2389714130886209,900,200,0.5,0.47140452079103173,FALSE,lognormal,0.6931268193922153,0.5,0.34656340969610766,0.34656340969610766,
