approach,mpbias,rmspe,medae,coverage,prcloser,med_ci_len,N,n,total_var,psill_ratio,erange,gridded,resptype,nugget_ratio,psill,nugget
Design GRTS,0.002981056054010121,0.10317177235664847,0.06936492922663995,0.914,0.234,0.35703953049717163,900,100,2,0.5,2,FALSE,normal,0.5,1,1
Design IRS,2.4726029415134967e-4,0.11686835632172994,0.07966832427403092,0.944,0.294,0.4491804159947629,900,100,2,0.5,2,FALSE,normal,0.5,1,1
Model GRTS,0.002385654302621587,0.10220505263582531,0.06968300115969381,0.9335,0.23,0.3812458990618294,900,100,2,0.5,2,FALSE,normal,0.5,1,1
Model IRS,0.0022667988968101483,0.1042041522401971,0.06954768547218781,0.945,0.242,0.40209344205675057,900,100,2,0.5,2,FALSE,normal,0.5,1,1
