approach,mpbias,rmspe,medae,mse,coverage,prcloser,med_ci_len,N,n,psill_ratio,range,gridded,resptype,total_var,nugget_ratio,psill,nugget
Design GRTS,-9.157476638471594e-4,0.06736768170548602,0.04495598256129465,0.06268926816741782,0.9265,0.2435,0.245892084862729,900,100,0.9,0.47140452079103173,FALSE,normal,2,0.09999999999999998,1.8,0.19999999999999996
Design IRS,-0.00477514071626595,0.10949085722297333,0.07173972430180524,0.10576290176592744,0.943,0.362,0.40688510505686293,900,100,0.9,0.47140452079103173,FALSE,normal,2,0.09999999999999998,1.8,0.19999999999999996
Model GRTS,7.811975349609748e-6,0.05952210080809294,0.041132773682924284,0.05797660303276628,0.942,0.1785,0.22697497807706563,900,100,0.9,0.47140452079103173,FALSE,normal,2,0.09999999999999998,1.8,0.19999999999999996
Model IRS,-0.0017352422241075937,0.06711304609899237,0.045456763950197265,0.06743449290263098,0.9535,0.216,0.2635245598335572,900,100,0.9,0.47140452079103173,FALSE,normal,2,0.09999999999999998,1.8,0.19999999999999996
