approach,mpbias,rmspe,medae,coverage,prcloser,med_ci_len,N,n,psill_ratio,range,gridded,resptype,total_var,nugget_ratio,psill,nugget
Design GRTS,-0.0011305663206090243,0.1945742903191752,0.13392777047406768,0.911,0.243,0.6655392892957687,900,50,0,0.47140452079103173,TRUE,normal,2,1,0,2
Design IRS,-0.002297228221454361,0.19682090332162613,0.13584136992119464,0.944,0.245,0.7548813726163905,900,50,0,0.47140452079103173,TRUE,normal,2,1,0,2
Model GRTS,-6.088672909409989e-4,0.19493551499670614,0.13352391713034223,0.93,0.2425,0.7384736873989185,900,50,0,0.47140452079103173,TRUE,normal,2,1,0,2
Model IRS,-0.002940501851895479,0.19884052652646012,0.1369423572887364,0.94,0.2755,0.7472661527966187,900,50,0,0.47140452079103173,TRUE,normal,2,1,0,2
