approach,mpbias,rmspe,medae,mse,coverage,prcloser,med_ci_len,N,n,psill_ratio,range,gridded,resptype,total_var,nugget_ratio,psill,nugget
Design GRTS,-8.511990819193774e-4,0.07323350127822349,0.03642461257865165,0.059639460271280524,0.9195,0.245,0.19892378454688203,900,100,0.9,0.47140452079103173,FALSE,lognormal,0.6931268193922153,0.09999999999999998,0.6238141374529939,0.06931268193922152
Design IRS,-0.0044760639876163045,0.11102537099176125,0.05350789929012212,0.09443482819336141,0.9375,0.345,0.30739959742920075,900,100,0.9,0.47140452079103173,FALSE,lognormal,0.6931268193922153,0.09999999999999998,0.6238141374529939,0.06931268193922152
Model GRTS,-6.60878540297486e-4,0.06609645646930895,0.031215741542475584,0.055464512325439176,0.9165,0.1855,0.18346583304156794,900,100,0.9,0.47140452079103173,FALSE,lognormal,0.6931268193922153,0.09999999999999998,0.6238141374529939,0.06931268193922152
Model IRS,-0.005174248833053484,0.0770951503008322,0.03619056093569173,0.06453074244121991,0.931,0.2245,0.2167226730627374,900,100,0.9,0.47140452079103173,FALSE,lognormal,0.6931268193922153,0.09999999999999998,0.6238141374529939,0.06931268193922152
