approach,mpbias,rmspe,medae,mse,coverage,prcloser,med_ci_len,N,n,psill_ratio,range,gridded,resptype,total_var,nugget_ratio,psill,nugget,seed
Design GRTS,0.0032040057696435947,0.08416697474813789,0.058608770045924435,0.08539102109748811,0.952,0.2515,0.33450231562656396,900,200,0,0.47140452079103173,TRUE,normal,2,1,0,2,
Design IRS,4.896874671183108e-4,0.08911608026518644,0.06140796216451143,0.08813558799260658,0.9465,0.241,0.34572814991202605,900,200,0,0.47140452079103173,TRUE,normal,2,1,0,2,
Model GRTS,0.0032286384450776625,0.08425683333520081,0.05887365089834395,0.08742218821345113,0.961,0.2325,0.3423672263071874,900,200,0,0.47140452079103173,TRUE,normal,2,1,0,2,
Model IRS,2.879412017468531e-4,0.08938190469658683,0.0618584334032333,0.08791157740130255,0.944,0.2785,0.34473593039135936,900,200,0,0.47140452079103173,TRUE,normal,2,1,0,2,
