approach,mpbias,rmspe,medae,mse,coverage,prcloser,med_ci_len,N,n,psill_ratio,range,gridded,resptype,total_var,nugget_ratio,psill,nugget
Design GRTS,-0.002937837185034162,0.10379162630690499,0.06871613454947181,0.09842872252070517,0.934,0.2575,0.3847538514381909,900,50,0.9,0.47140452079103173,FALSE,normal,2,0.09999999999999998,1.8,0.19999999999999996
Design IRS,0.006213245178796785,0.15204302976976367,0.09744357529978064,0.15450095147863716,0.9525,0.3035,0.5906209799484718,900,50,0.9,0.47140452079103173,FALSE,normal,2,0.09999999999999998,1.8,0.19999999999999996
Model GRTS,-0.00269138943583172,0.09398558941348771,0.06282774209790554,0.09208645422874889,0.936,0.2075,0.3593417275287164,900,50,0.9,0.47140452079103173,FALSE,normal,2,0.09999999999999998,1.8,0.19999999999999996
Model IRS,0.003696163514291665,0.10736178202589709,0.07127616065851017,0.1078055442437694,0.9525,0.2315,0.42025434894635755,900,50,0.9,0.47140452079103173,FALSE,normal,2,0.09999999999999998,1.8,0.19999999999999996
