approach,mpbias,rmspe,medae,coverage,prcloser,med_ci_len,N,n,total_var,psill_ratio,erange,gridded,resptype,nugget_ratio,psill,nugget
Design GRTS,0.005610142143810799,0.3959423705179289,0.08915550318329213,0.9135,0.257,0.5372351797418058,900,100,2,0.9,2,TRUE,lognormal,0.09999999999999998,1.8,0.19999999999999996
Design IRS,0.016537610558867745,0.48438626105273,0.10399867045794076,0.9595,0.2755,0.7951989565022202,900,100,2,0.9,2,TRUE,lognormal,0.09999999999999998,1.8,0.19999999999999996
Model GRTS,-0.001527224311133308,0.37638241661445176,0.08450358873282823,0.92,0.232,0.5173737733126424,900,100,2,0.9,2,TRUE,lognormal,0.09999999999999998,1.8,0.19999999999999996
Model IRS,0.006241096210894727,0.42741205328448195,0.09137686722787886,0.8975,0.2355,0.5538748610574608,900,100,2,0.9,2,TRUE,lognormal,0.09999999999999998,1.8,0.19999999999999996
