approach,mpbias,rmspe,medae,mse,coverage,prcloser,med_ci_len,N,n,psill_ratio,range,gridded,resptype,total_var,nugget_ratio,psill,nugget,seed
Design GRTS,5.599627759729827e-4,0.08909740568707075,0.0593111952376153,0.08430074076950717,0.936,0.239,0.31889133173411954,900,200,0,0.47140452079103173,TRUE,lognormal,0.6931268193922153,1,0,0.6931268193922153,
Design IRS,-0.0017711379006783623,0.08939518389564524,0.060127799922263914,0.08681047360230894,0.944,0.2455,0.3291713529559106,900,200,0,0.47140452079103173,TRUE,lognormal,0.6931268193922153,1,0,0.6931268193922153,
Model GRTS,5.452208927480016e-4,0.08924998694358893,0.05927651481246077,0.08622105978476127,0.9405,0.247,0.3265841284872202,900,200,0,0.47140452079103173,TRUE,lognormal,0.6931268193922153,1,0,0.6931268193922153,
Model IRS,-0.0022612387685419237,0.08947711033333,0.05956512096975963,0.08657139103784799,0.9445,0.2705,0.3278187323192785,900,200,0,0.47140452079103173,TRUE,lognormal,0.6931268193922153,1,0,0.6931268193922153,
