approach,mpbias,rmspe,medae,coverage,prcloser,med_ci_len,N,n,psill_ratio,range,gridded,resptype,total_var,nugget_ratio,psill,nugget
Design GRTS,-0.0032657304927101857,0.0744050671580909,0.039364951097752954,0.933,0.238,0.22879305010724327,900,200,0.5,0.47140452079103173,TRUE,lognormal,0.6931268193922153,0.5,0.34656340969610766,0.34656340969610766
Design IRS,0.0016378174185434906,0.08164020629480188,0.04527728629570793,0.942,0.264,0.27074526425321666,900,200,0.5,0.47140452079103173,TRUE,lognormal,0.6931268193922153,0.5,0.34656340969610766,0.34656340969610766
Model GRTS,-0.004057620955420957,0.07423568075660589,0.03945996861497242,0.935,0.2445,0.22919692643262501,900,200,0.5,0.47140452079103173,TRUE,lognormal,0.6931268193922153,0.5,0.34656340969610766,0.34656340969610766
Model IRS,-3.30072676634616e-5,0.07385420738647316,0.04209306459810136,0.9335,0.2535,0.24342537091838867,900,200,0.5,0.47140452079103173,TRUE,lognormal,0.6931268193922153,0.5,0.34656340969610766,0.34656340969610766
