approach,mpbias,rmspe,medae,mse,coverage,prcloser,med_ci_len,N,n,psill_ratio,range,gridded,resptype,total_var,nugget_ratio,psill,nugget
Design GRTS,0.004078728860173612,0.1301608184591421,0.08561488015678653,0.12075955249567193,0.9245,0.222,0.4736365684881291,900,100,0,0.47140452079103173,TRUE,normal,2,1,0,2
Design IRS,-0.002921961443526696,0.1321528417821025,0.08944736643308622,0.13325115626639725,0.943,0.237,0.5224370742541502,900,100,0,0.47140452079103173,TRUE,normal,2,1,0,2
Model GRTS,0.0037876267866012708,0.13038317025182503,0.085680024501922,0.13091559935520344,0.942,0.2635,0.514223245745993,900,100,0,0.47140452079103173,TRUE,normal,2,1,0,2
Model IRS,-0.0032985952928725735,0.1331978290952278,0.08968278739368674,0.13260392015288042,0.941,0.2805,0.5197867306044088,900,100,0,0.47140452079103173,TRUE,normal,2,1,0,2
