approach,mpbias,rmspe,medae,mse,coverage,prcloser,med_ci_len,N,n,psill_ratio,range,gridded,resptype,total_var,nugget_ratio,psill,nugget
Design GRTS,3.352031170163862e-4,0.1092188799503246,0.059703010618889274,0.08908688084250495,0.896,0.225,0.31835879749688045,900,100,0.5,0.47140452079103173,FALSE,lognormal,0.6931268193922153,0.5,0.34656340969610766,0.34656340969610766
Design IRS,-0.006307816327214436,0.1203791586173414,0.06781646697520965,0.11077987361128275,0.9355,0.3065,0.39142597689938846,900,100,0.5,0.47140452079103173,FALSE,lognormal,0.6931268193922153,0.5,0.34656340969610766,0.34656340969610766
Model GRTS,-3.519600404318424e-4,0.1087773249488053,0.058160434229115265,0.09366501048019114,0.912,0.225,0.33294754962749956,900,100,0.5,0.47140452079103173,FALSE,lognormal,0.6931268193922153,0.5,0.34656340969610766,0.34656340969610766
Model IRS,-0.009703785610571848,0.11500535306593573,0.0629120734008154,0.1004770963473612,0.9275,0.2435,0.35714055756154783,900,100,0.5,0.47140452079103173,FALSE,lognormal,0.6931268193922153,0.5,0.34656340969610766,0.34656340969610766
