approach,mpbias,rmspe,medae,mse,coverage,prcloser,med_ci_len,N,n,psill_ratio,range,gridded,resptype,total_var,nugget_ratio,psill,nugget
Design GRTS,-6.838485212261016e-4,0.1962091457643762,0.13229612954268588,0.1628907306526051,0.869,0.2465,0.5952628132427806,900,50,0,0.47140452079103173,TRUE,lognormal,0.6931268193922153,1,0,0.6931268193922153
Design IRS,-0.003595105307199323,0.20071121425130403,0.13243100102608762,0.18554244314829546,0.908,0.2295,0.6788236954201785,900,50,0,0.47140452079103173,TRUE,lognormal,0.6931268193922153,1,0,0.6931268193922153
Model GRTS,-0.002174422166027329,0.19689670557477562,0.13262809233830597,0.1787142062574942,0.8945,0.26,0.6552387274038971,900,50,0,0.47140452079103173,TRUE,lognormal,0.6931268193922153,1,0,0.6931268193922153
Model IRS,-0.009432026638116231,0.20705737988217665,0.13386965534730555,0.18326533658011646,0.9045,0.2645,0.670041031998458,900,50,0,0.47140452079103173,TRUE,lognormal,0.6931268193922153,1,0,0.6931268193922153
