approach,mpbias,rmspe,medae,mse,coverage,prcloser,med_ci_len,N,n,psill_ratio,range,gridded,resptype,total_var,nugget_ratio,psill,nugget,seed
Design GRTS,-0.0012070705341010546,0.1012464528250298,0.06552103765039258,0.09310760712996104,0.9235,0.2345,0.3652119932876814,900,100,0.5,0.47140452079103173,FALSE,normal,2,0.5,1,1,
Design IRS,-0.0015791150663225092,0.12143455561847182,0.08312146567044895,0.11906375977175884,0.944,0.3025,0.46306572333745144,900,100,0.5,0.47140452079103173,FALSE,normal,2,0.5,1,1,
Model GRTS,-0.0010299815482183044,0.09967711731881657,0.06541862352566785,0.09846559487398923,0.938,0.2345,0.3861858234648491,900,100,0.5,0.47140452079103173,FALSE,normal,2,0.5,1,1,
Model IRS,-1.0615648447436597e-4,0.10785793135776882,0.07158744399531,0.10502600520152637,0.944,0.2285,0.41161984773764493,900,100,0.5,0.47140452079103173,FALSE,normal,2,0.5,1,1,
