approach,mpbias,rmspe,medae,mse,coverage,prcloser,med_ci_len,N,n,psill_ratio,range,gridded,resptype,total_var,nugget_ratio,psill,nugget
Design GRTS,0.004098643665347222,0.10897073290022458,0.06251288379927622,0.09100138185935155,0.9085,0.226,0.32221615800722914,900,100,0.5,0.47140452079103173,TRUE,lognormal,0.6931268193922153,0.5,0.34656340969610766,0.34656340969610766
Design IRS,-0.002116037282872668,0.12105252462797508,0.07010431286624375,0.11368238990850335,0.9445,0.28,0.401449848350941,900,100,0.5,0.47140452079103173,TRUE,lognormal,0.6931268193922153,0.5,0.34656340969610766,0.34656340969610766
Model GRTS,0.001926118842647149,0.10897556806027076,0.06097515235872519,0.09590721000990475,0.918,0.2345,0.34055866441573257,900,100,0.5,0.47140452079103173,TRUE,lognormal,0.6931268193922153,0.5,0.34656340969610766,0.34656340969610766
Model IRS,-0.005768309579408854,0.11527271955923837,0.06295248720820024,0.10323577229178334,0.9295,0.2595,0.3682217711910458,900,100,0.5,0.47140452079103173,TRUE,lognormal,0.6931268193922153,0.5,0.34656340969610766,0.34656340969610766
