approach,mpbias,rmspe,medae,mse,coverage,prcloser,med_ci_len,N,n,psill_ratio,range,gridded,resptype,total_var,nugget_ratio,psill,nugget
Design GRTS,-0.0056677509691574505,0.15699348336082936,0.09044493591685199,0.1286697913957951,0.9,0.2415,0.4416358864376449,900,50,0.5,0.47140452079103173,FALSE,lognormal,0.6931268193922153,0.5,0.34656340969610766,0.34656340969610766
Design IRS,0.002315539496071342,0.16369288868916143,0.09402977898681475,0.1574450795326922,0.9245,0.242,0.5507130873630111,900,50,0.5,0.47140452079103173,FALSE,lognormal,0.6931268193922153,0.5,0.34656340969610766,0.34656340969610766
Model GRTS,-0.007866424900040797,0.15671753847711048,0.09123398574722102,0.1361698721834622,0.91,0.246,0.46969484552931084,900,50,0.5,0.47140452079103173,FALSE,lognormal,0.6931268193922153,0.5,0.34656340969610766,0.34656340969610766
Model IRS,-0.005475437418199182,0.16218832294240212,0.09143852496189264,0.14427739819155094,0.9125,0.271,0.5090648340439483,900,50,0.5,0.47140452079103173,FALSE,lognormal,0.6931268193922153,0.5,0.34656340969610766,0.34656340969610766
