approach,mpbias,rmspe,medae,mse,coverage,prcloser,med_ci_len,N,n,psill_ratio,range,gridded,resptype,total_var,nugget_ratio,psill,nugget,seed
Design GRTS,0.0020540074350147612,0.16175128635385083,0.09068881211984492,0.12989755870642922,0.888,0.229,0.4464882139782651,900,50,0.5,0.47140452079103173,FALSE,lognormal,0.6931268193922153,0.5,0.34656340969610766,0.34656340969610766,
Design IRS,0.0014005455152687355,0.1804186993844322,0.10007857649329094,0.1607737187318259,0.9195,0.2675,0.5587711327577102,900,50,0.5,0.47140452079103173,FALSE,lognormal,0.6931268193922153,0.5,0.34656340969610766,0.34656340969610766,
Model GRTS,-0.002124943594809665,0.16242557702789623,0.08891998810078583,0.1369083305663254,0.9,0.2455,0.47463983233807083,900,50,0.5,0.47140452079103173,FALSE,lognormal,0.6931268193922153,0.5,0.34656340969610766,0.34656340969610766,
Model IRS,-0.005076680555579688,0.18084951970996216,0.09490158605849763,0.14759317793221838,0.9065,0.258,0.5192010855377709,900,50,0.5,0.47140452079103173,FALSE,lognormal,0.6931268193922153,0.5,0.34656340969610766,0.34656340969610766,
