approach,mpbias,rmspe,medae,mse,coverage,prcloser,med_ci_len,N,n,psill_ratio,range,gridded,resptype,total_var,nugget_ratio,psill,nugget,seed
Design GRTS,-0.0017341192558780877,0.11288698292874401,0.05485733438528309,0.09262476514436681,0.918,0.243,0.3072559481385091,900,50,0.9,0.47140452079103173,TRUE,lognormal,0.6931268193922153,0.09999999999999998,0.6238141374529939,0.06931268193922152,
Design IRS,6.748183015901704e-4,0.15461007652443184,0.075823853486914,0.136125854054171,0.9345,0.303,0.45756563389310306,900,50,0.9,0.47140452079103173,TRUE,lognormal,0.6931268193922153,0.09999999999999998,0.6238141374529939,0.06931268193922152,
Model GRTS,-0.003914026497778606,0.10393399542566198,0.049949418225786246,0.08851849538769434,0.9205,0.222,0.295633471359648,900,50,0.9,0.47140452079103173,TRUE,lognormal,0.6931268193922153,0.09999999999999998,0.6238141374529939,0.06931268193922152,
Model IRS,-0.0011171398997571853,0.12166069125688771,0.061542254200484536,0.10108670542855024,0.913,0.232,0.3416471062730773,900,50,0.9,0.47140452079103173,TRUE,lognormal,0.6931268193922153,0.09999999999999998,0.6238141374529939,0.06931268193922152,
