approach,mpbias,rmspe,medae,mse,coverage,prcloser,med_ci_len,N,n,psill_ratio,range,gridded,resptype,total_var,nugget_ratio,psill,nugget,seed
Design GRTS,9.117530482146589e-4,0.06511328609302253,0.04466283881649849,0.06271339140179284,0.943,0.237,0.24535113313244725,900,100,0.9,0.47140452079103173,FALSE,normal,2,0.09999999999999998,1.8,0.19999999999999996,
Design IRS,2.0172630034237117e-4,0.10712479468442843,0.07150684940535079,0.10680401328159021,0.949,0.3475,0.40635362348424237,900,100,0.9,0.47140452079103173,FALSE,normal,2,0.09999999999999998,1.8,0.19999999999999996,
Model GRTS,-6.954649694157519e-4,0.05700745246087795,0.03822578377556328,0.05783911919734395,0.948,0.1895,0.22698397458376937,900,100,0.9,0.47140452079103173,FALSE,normal,2,0.09999999999999998,1.8,0.19999999999999996,
Model IRS,0.001109622134912474,0.06745976286716676,0.045070945435405185,0.06722609690931719,0.9475,0.226,0.2620441852484889,900,100,0.9,0.47140452079103173,FALSE,normal,2,0.09999999999999998,1.8,0.19999999999999996,
