approach,mpbias,rmspe,medae,coverage,prcloser,med_ci_len,N,n,total_var,psill_ratio,erange,gridded,resptype,nugget_ratio,psill,nugget
Design GRTS,0.003279534274317707,0.13507434750120054,0.09208797072402888,0.9175,0.236,0.4736759253734908,900,100,2,0,2,FALSE,normal,1,0,2
Design IRS,0.0058161685329944325,0.1362544332803073,0.0936726384615404,0.935,0.2495,0.5203999154036594,900,100,2,0,2,FALSE,normal,1,0,2
Model GRTS,0.0032801580345583926,0.13500425087374887,0.09131327136448797,0.946,0.2675,0.5152577118007544,900,100,2,0,2,FALSE,normal,1,0,2
Model IRS,0.006157923616975023,0.13726313853455135,0.09457391457706502,0.9315,0.252,0.5185297734721723,900,100,2,0,2,FALSE,normal,1,0,2
