approach,mpbias,rmspe,medae,mse,coverage,prcloser,med_ci_len,N,n,psill_ratio,range,gridded,resptype,total_var,nugget_ratio,psill,nugget
Design GRTS,-4.937414647289804e-4,0.0422816744217783,0.02780470713208129,0.04098042432045486,0.937,0.2255,0.16090210233455565,900,200,0.9,0.47140452079103173,TRUE,normal,2,0.09999999999999998,1.8,0.19999999999999996
Design IRS,0.0021429795391603897,0.07042789910079454,0.046306314357994455,0.07159633568141341,0.957,0.3345,0.27231561585747033,900,200,0.9,0.47140452079103173,TRUE,normal,2,0.09999999999999998,1.8,0.19999999999999996
Model GRTS,-0.0012126676402134425,0.03767881319292989,0.024584129247790576,0.03701857654660284,0.945,0.214,0.1448011070908901,900,200,0.9,0.47140452079103173,TRUE,normal,2,0.09999999999999998,1.8,0.19999999999999996
Model IRS,4.737099154468012e-4,0.04107085137835486,0.028044397827976075,0.04174072585909251,0.959,0.226,0.16338071948697355,900,200,0.9,0.47140452079103173,TRUE,normal,2,0.09999999999999998,1.8,0.19999999999999996
