approach,mpbias,rmspe,medae,mse,coverage,prcloser,med_ci_len,N,n,psill_ratio,range,gridded,resptype,total_var,nugget_ratio,psill,nugget
Design GRTS,-0.0032597937284995528,0.11501232869915232,0.05595120554826205,0.09225314725910531,0.916,0.2635,0.30828582429442997,900,50,0.9,0.47140452079103173,FALSE,lognormal,0.6931268193922153,0.09999999999999998,0.6238141374529939,0.06931268193922152
Design IRS,0.0052747176303434935,0.1541551904312595,0.07557327245831025,0.1350938421304824,0.9325,0.2745,0.4376497609628278,900,50,0.9,0.47140452079103173,FALSE,lognormal,0.6931268193922153,0.09999999999999998,0.6238141374529939,0.06931268193922152
Model GRTS,-0.003108282890299633,0.10137814145435786,0.05319226756849876,0.08719404301356963,0.9235,0.2165,0.28669558389403105,900,50,0.9,0.47140452079103173,FALSE,lognormal,0.6931268193922153,0.09999999999999998,0.6238141374529939,0.06931268193922152
Model IRS,-0.001217699193668127,0.11595786468627842,0.06100535425694642,0.09973270248018157,0.9115,0.2455,0.3274673941040993,900,50,0.9,0.47140452079103173,FALSE,lognormal,0.6931268193922153,0.09999999999999998,0.6238141374529939,0.06931268193922152
