approach,mpbias,rmspe,medae,coverage,prcloser,med_ci_len,N,n,total_var,psill_ratio,erange,gridded,resptype,nugget_ratio,psill,nugget
Design GRTS,-0.010067282399332791,0.5712456711387885,0.13748821230831892,0.8995,0.247,0.7659502102036045,900,50,2,0.9,2,FALSE,lognormal,0.09999999999999998,1.8,0.19999999999999996
Design IRS,-0.027906974078809557,0.7417174426340747,0.19254574448672734,0.908,0.292,1.081325704144639,900,50,2,0.9,2,FALSE,lognormal,0.09999999999999998,1.8,0.19999999999999996
Model GRTS,-0.007880175478490953,0.5142816781162715,0.13096144346768684,0.8935,0.224,0.7486395636936977,900,50,2,0.9,2,FALSE,lognormal,0.09999999999999998,1.8,0.19999999999999996
Model IRS,-0.04789973633972011,0.6787487545495174,0.1541032968502446,0.872,0.237,0.8301825054584646,900,50,2,0.9,2,FALSE,lognormal,0.09999999999999998,1.8,0.19999999999999996
