approach,mpbias,rmspe,medae,coverage,prcloser,med_ci_len,N,n,total_var,psill_ratio,erange,gridded,resptype,nugget_ratio,psill,nugget
Design GRTS,2.5174306983332144e-4,0.27167308379343985,0.180820135921763,0.911,0.261,0.9756460850037263,900,10,2,0.9,2,TRUE,normal,0.09999999999999998,1.8,0.19999999999999996
Design IRS,0.0069201417206363885,0.2918010483569946,0.18827222590856696,0.947,0.2705,1.226518701725293,900,10,2,0.9,2,TRUE,normal,0.09999999999999998,1.8,0.19999999999999996
Model GRTS,7.055535088751121e-4,0.25588482859182077,0.17092176619885185,0.902,0.241,0.899759524705041,900,10,2,0.9,2,TRUE,normal,0.09999999999999998,1.8,0.19999999999999996
Model IRS,0.007820036234912732,0.267268315573658,0.18265067481405878,0.897,0.2275,0.9573743686988099,900,10,2,0.9,2,TRUE,normal,0.09999999999999998,1.8,0.19999999999999996
