approach,mpbias,rmspe,medae,coverage,prcloser,med_ci_len,N,n,psill_ratio,range,gridded,resptype,total_var,nugget_ratio,psill,nugget
Design GRTS,-0.0013562976580150977,0.04993674390511765,0.022475155047601142,0.938,0.2295,0.1380373480406083,900,200,0.9,0.47140452079103173,TRUE,lognormal,0.6931268193922153,0.09999999999999998,0.6238141374529939,0.06931268193922152
Design IRS,0.0013862298207922205,0.07444128063377048,0.03567909863906371,0.952,0.326,0.21867543425158642,900,200,0.9,0.47140452079103173,TRUE,lognormal,0.6931268193922153,0.09999999999999998,0.6238141374529939,0.06931268193922152
Model GRTS,-0.0022185563166663676,0.04592606633303764,0.02134185568833219,0.938,0.211,0.12574788754299604,900,200,0.9,0.47140452079103173,TRUE,lognormal,0.6931268193922153,0.09999999999999998,0.6238141374529939,0.06931268193922152
Model IRS,-1.6387452762412034e-4,0.04803386667447711,0.022916806760072017,0.9355,0.2335,0.1414275087195238,900,200,0.9,0.47140452079103173,TRUE,lognormal,0.6931268193922153,0.09999999999999998,0.6238141374529939,0.06931268193922152
