approach,mpbias,rmspe,medae,mse,coverage,prcloser,med_ci_len,N,n,psill_ratio,range,gridded,resptype,total_var,nugget_ratio,psill,nugget,seed
Design GRTS,0.001781987623289246,0.07460654639536803,0.03794679155691005,0.06198591628945603,0.927,0.2325,0.20964725727119826,900,100,0.9,0.47140452079103173,TRUE,lognormal,0.6931268193922153,0.09999999999999998,0.6238141374529939,0.06931268193922152,
Design IRS,-0.0015401443349529506,0.11084740134999947,0.05522305890573048,0.09705600847298658,0.9345,0.329,0.32562105091634713,900,100,0.9,0.47140452079103173,TRUE,lognormal,0.6931268193922153,0.09999999999999998,0.6238141374529939,0.06931268193922152,
Model GRTS,3.544013464875387e-4,0.06954771717054287,0.035896824291694385,0.0585776668351519,0.928,0.2055,0.1974492199662259,900,100,0.9,0.47140452079103173,TRUE,lognormal,0.6931268193922153,0.09999999999999998,0.6238141374529939,0.06931268193922152,
Model IRS,-0.003847865301555869,0.07673267195448523,0.03837269842561042,0.06648897175501706,0.9265,0.233,0.22775926398771484,900,100,0.9,0.47140452079103173,TRUE,lognormal,0.6931268193922153,0.09999999999999998,0.6238141374529939,0.06931268193922152,
