approach,mpbias,rmspe,medae,mse,coverage,prcloser,med_ci_len,N,n,psill_ratio,range,gridded,resptype,total_var,nugget_ratio,psill,nugget
Design GRTS,0.0027794862827164816,0.136425049892693,0.09360669592265475,0.12097034220091278,0.918,0.25,0.4740334917911455,900,100,0,0.47140452079103173,FALSE,normal,2,1,0,2
Design IRS,-0.0066341579541812044,0.13661206413901103,0.09294735106135583,0.13289592287528448,0.9405,0.2505,0.5211794983567176,900,100,0,0.47140452079103173,FALSE,normal,2,1,0,2
Model GRTS,0.0028975836063189547,0.13632851325677747,0.09386916859145675,0.13096198827120928,0.9345,0.2375,0.5138135254574435,900,100,0,0.47140452079103173,FALSE,normal,2,1,0,2
Model IRS,-0.006698191999603783,0.1369646794323007,0.09274166386204044,0.13224971693293192,0.9385,0.265,0.5185823459335286,900,100,0,0.47140452079103173,FALSE,normal,2,1,0,2
