approach,mpbias,rmspe,medae,mse,coverage,prcloser,med_ci_len,N,n,psill_ratio,range,gridded,resptype,total_var,nugget_ratio,psill,nugget
Design GRTS,0.0030987807967446136,0.11832933989466093,0.05897565522649967,0.09544659654068072,0.9065,0.2465,0.32072760206800743,900,50,0.9,0.47140452079103173,TRUE,lognormal,0.6931268193922153,0.09999999999999998,0.6238141374529939,0.06931268193922152
Design IRS,0.0030967576245696598,0.17309434417895125,0.07550015090012796,0.1412190848766744,0.922,0.288,0.4604806503465449,900,50,0.9,0.47140452079103173,TRUE,lognormal,0.6931268193922153,0.09999999999999998,0.6238141374529939,0.06931268193922152
Model GRTS,-1.5679335248796217e-4,0.10895444818269628,0.053385014976771505,0.09087550717355539,0.912,0.2235,0.3053289706667228,900,50,0.9,0.47140452079103173,TRUE,lognormal,0.6931268193922153,0.09999999999999998,0.6238141374529939,0.06931268193922152
Model IRS,-0.0020363922185535886,0.1325164903740498,0.06433691555446075,0.10506654447597623,0.9135,0.242,0.34301854341103927,900,50,0.9,0.47140452079103173,TRUE,lognormal,0.6931268193922153,0.09999999999999998,0.6238141374529939,0.06931268193922152
