approach,mpbias,rmspe,medae,coverage,prcloser,med_ci_len,N,n,total_var,psill_ratio,erange,gridded,resptype,nugget_ratio,psill,nugget
Design GRTS,1.857595790791463e-4,0.03893563357108222,0.02661325977704085,0.937,0.233,0.14558130124314306,900,200,2,0.9,2,FALSE,normal,0.09999999999999998,1.8,0.19999999999999996
Design IRS,-0.0037183839608831196,0.06731653762296264,0.04374873515822919,0.941,0.3635,0.25066470013619657,900,200,2,0.9,2,FALSE,normal,0.09999999999999998,1.8,0.19999999999999996
Model GRTS,5.208318799047405e-4,0.03488254902851811,0.02368652780195414,0.9435,0.175,0.13282046433588648,900,200,2,0.9,2,FALSE,normal,0.09999999999999998,1.8,0.19999999999999996
Model IRS,-0.0012346337062534047,0.03845682947162083,0.02685906889970288,0.9505,0.2285,0.14921122529656375,900,200,2,0.9,2,FALSE,normal,0.09999999999999998,1.8,0.19999999999999996
