approach,mpbias,rmspe,medae,mse,coverage,prcloser,med_ci_len,N,n,psill_ratio,range,gridded,resptype,total_var,nugget_ratio,psill,nugget
Design GRTS,0.0035199110907455037,0.07565925857299959,0.035861957121959664,0.062109711233642687,0.919,0.2255,0.20920848716077733,900,100,0.9,0.47140452079103173,TRUE,lognormal,0.6931268193922153,0.09999999999999998,0.6238141374529939,0.06931268193922152
Design IRS,-0.0010593744031790677,0.10920827508260608,0.054869459161495715,0.09807465911375497,0.954,0.3195,0.3256421005003854,900,100,0.9,0.47140452079103173,TRUE,lognormal,0.6931268193922153,0.09999999999999998,0.6238141374529939,0.06931268193922152
Model GRTS,0.0016574675011590669,0.06934119815932181,0.03317521816579999,0.05850406492872087,0.919,0.208,0.1974486828171071,900,100,0.9,0.47140452079103173,TRUE,lognormal,0.6931268193922153,0.09999999999999998,0.6238141374529939,0.06931268193922152
Model IRS,-0.003252255756898706,0.07792651855437079,0.03864309266863597,0.06735019598668487,0.933,0.247,0.22545546362734048,900,100,0.9,0.47140452079103173,TRUE,lognormal,0.6931268193922153,0.09999999999999998,0.6238141374529939,0.06931268193922152
