approach,mpbias,rmspe,medae,mse,coverage,prcloser,med_ci_len,N,n,psill_ratio,range,gridded,resptype,total_var,nugget_ratio,psill,nugget
Design GRTS,-0.003976310655088797,0.19545348267928256,0.13065037288687698,0.17092037167481208,0.909,0.253,0.6679751743885842,900,50,0,0.47140452079103173,FALSE,normal,2,1,0,2
Design IRS,0.0019462453366075872,0.18614048495818591,0.12445124081888699,0.19349976673063424,0.9505,0.246,0.7578229246970574,900,50,0,0.47140452079103173,FALSE,normal,2,1,0,2
Model GRTS,-0.004041800365160462,0.19646980616125442,0.133048878426258,0.18789631437177265,0.9315,0.266,0.7375543516781775,900,50,0,0.47140452079103173,FALSE,normal,2,1,0,2
Model IRS,0.0013945268355977116,0.1891865115593026,0.12320161471637987,0.19124808340233218,0.9445,0.2375,0.7487028653800156,900,50,0,0.47140452079103173,FALSE,normal,2,1,0,2
