approach,mpbias,rmspe,medae,mse,coverage,prcloser,med_ci_len,N,n,psill_ratio,range,gridded,resptype,total_var,nugget_ratio,psill,nugget
Design GRTS,0.004437523159207768,0.06548344416594068,0.04618120342448122,0.06374188720337125,0.9435,0.232,0.24940231199432011,900,100,0.9,0.47140452079103173,TRUE,normal,2,0.09999999999999998,1.8,0.19999999999999996
Design IRS,-6.793223487938372e-4,0.1059408550679992,0.07119998801454203,0.10784225583592207,0.9605,0.3425,0.41284792831591455,900,100,0.9,0.47140452079103173,TRUE,normal,2,0.09999999999999998,1.8,0.19999999999999996
Model GRTS,0.003013959940179707,0.058473434881715025,0.038236306756881916,0.0593515623915995,0.944,0.196,0.23226091289110307,900,100,0.9,0.47140452079103173,TRUE,normal,2,0.09999999999999998,1.8,0.19999999999999996
Model IRS,-0.0018640459586069633,0.06998990016388144,0.046386177542415585,0.06855192772341287,0.9445,0.2295,0.2676478965692463,900,100,0.9,0.47140452079103173,TRUE,normal,2,0.09999999999999998,1.8,0.19999999999999996
