approach,mpbias,rmspe,medae,mse,coverage,prcloser,med_ci_len,N,n,psill_ratio,range,gridded,resptype,total_var,nugget_ratio,psill,nugget
Design GRTS,-2.3084482193344973e-4,0.06523224717557677,0.04419803396646432,0.06436876530630928,0.9455,0.232,0.25232658790381035,900,200,0.5,0.47140452079103173,FALSE,normal,2,0.5,1,1
Design IRS,-0.0016424193160610172,0.07896615984228138,0.05140788312842737,0.07897191926806992,0.948,0.305,0.306589197173027,900,200,0.5,0.47140452079103173,FALSE,normal,2,0.5,1,1
Model GRTS,5.707266052946203e-5,0.06404512938711712,0.04336147754022868,0.06471125868706576,0.95,0.206,0.25382706771651825,900,200,0.5,0.47140452079103173,FALSE,normal,2,0.5,1,1
Model IRS,-0.001023310721298526,0.06897352037019928,0.047103850678685444,0.06843803332396158,0.9475,0.257,0.2682549889241364,900,200,0.5,0.47140452079103173,FALSE,normal,2,0.5,1,1
