approach,mpbias,rmspe,medae,mse,coverage,prcloser,med_ci_len,N,n,psill_ratio,range,gridded,resptype,total_var,nugget_ratio,psill,nugget,seed
Design GRTS,-0.0013260885029138941,0.06700985002222404,0.04603980972314825,0.06357975496534182,0.9325,0.2475,0.2485528826754913,900,100,0.9,0.47140452079103173,TRUE,normal,2,0.09999999999999998,1.8,0.19999999999999996,
Design IRS,-0.002721139993839939,0.1083294617381142,0.06878597383123147,0.10808076008940891,0.946,0.3475,0.414020231482539,900,100,0.9,0.47140452079103173,TRUE,normal,2,0.09999999999999998,1.8,0.19999999999999996,
Model GRTS,-0.0012705258059238986,0.060174522616917234,0.04084919786749136,0.059300909186357914,0.9425,0.1875,0.23243476275473518,900,100,0.9,0.47140452079103173,TRUE,normal,2,0.09999999999999998,1.8,0.19999999999999996,
Model IRS,-2.930230500804819e-4,0.07013237113413835,0.04813207047112043,0.06852060288015527,0.944,0.2175,0.26786283019433754,900,100,0.9,0.47140452079103173,TRUE,normal,2,0.09999999999999998,1.8,0.19999999999999996,
