approach,mpbias,rmspe,medae,mse,coverage,prcloser,med_ci_len,N,n,psill_ratio,range,gridded,resptype,total_var,nugget_ratio,psill,nugget
Design GRTS,0.001337423195840298,0.10736865352815905,0.07149264092269007,0.09962751457378366,0.922,0.247,0.38903689729257784,900,50,0.9,0.47140452079103173,TRUE,normal,2,0.09999999999999998,1.8,0.19999999999999996
Design IRS,0.005338969860823507,0.1579420946434909,0.10456465717097016,0.15701088716881986,0.947,0.304,0.5988650765653742,900,50,0.9,0.47140452079103173,TRUE,normal,2,0.09999999999999998,1.8,0.19999999999999996
Model GRTS,-6.841443505549755e-4,0.09494944184697314,0.06218441963252214,0.09375992314171384,0.943,0.2095,0.36595640583070566,900,50,0.9,0.47140452079103173,TRUE,normal,2,0.09999999999999998,1.8,0.19999999999999996
Model IRS,0.002564888598929939,0.11653973181068267,0.07954748955054841,0.10942530170041115,0.9315,0.2395,0.42650121888659653,900,50,0.9,0.47140452079103173,TRUE,normal,2,0.09999999999999998,1.8,0.19999999999999996
