approach,mpbias,rmspe,medae,mse,coverage,prcloser,med_ci_len,N,n,psill_ratio,range,gridded,resptype,total_var,nugget_ratio,psill,nugget,seed
Design GRTS,0.001830556710889238,0.048201897961800674,0.02306023837106519,0.03996765566851713,0.9369684842421211,0.22961480740370185,0.1374392490208538,900,200,0.9,0.47140452079103173,TRUE,lognormal,0.6931268193922153,0.09999999999999998,0.6238141374529939,0.06931268193922152,
Design IRS,0.003838751946165328,0.07679864957918645,0.037042250436085444,0.06389063474359569,0.9429714857428715,0.3326663331665833,0.21455212306290594,900,200,0.9,0.47140452079103173,TRUE,lognormal,0.6931268193922153,0.09999999999999998,0.6238141374529939,0.06931268193922152,
Model GRTS,0.001033660568661564,0.042289026708923025,0.020862900412427665,0.03644733149752145,0.9374687343671836,0.19959979989994997,0.12463024234661635,900,200,0.9,0.47140452079103173,TRUE,lognormal,0.6931268193922153,0.09999999999999998,0.6238141374529939,0.06931268193922152,
Model IRS,-6.621125202391401e-4,0.04753860920306075,0.023785635786003456,0.04086676681765757,0.9364682341170585,0.2381190595297649,0.13945837137866546,900,200,0.9,0.47140452079103173,TRUE,lognormal,0.6931268193922153,0.09999999999999998,0.6238141374529939,0.06931268193922152,
