approach,mpbias,rmspe,medae,mse,coverage,prcloser,med_ci_len,N,n,psill_ratio,range,gridded,resptype,total_var,nugget_ratio,psill,nugget
Design GRTS,-5.079676095378873e-4,0.040524698845340344,0.02751962717131784,0.04008769210001912,0.949,0.2475,0.1569753031819546,900,200,0.9,0.47140452079103173,FALSE,normal,2,0.09999999999999998,1.8,0.19999999999999996
Design IRS,-8.784276215022198e-4,0.07250935991984865,0.04652125833048981,0.0701779964929469,0.947,0.3535,0.27007402028620636,900,200,0.9,0.47140452079103173,FALSE,normal,2,0.09999999999999998,1.8,0.19999999999999996
Model GRTS,6.003638721596469e-5,0.03544928569704111,0.023908501148647496,0.03582431384540778,0.951,0.1675,0.14038987276087958,900,200,0.9,0.47140452079103173,FALSE,normal,2,0.09999999999999998,1.8,0.19999999999999996
Model IRS,-9.712140547574956e-4,0.040923629203590044,0.02775898222544132,0.040947410569082604,0.945,0.2315,0.16041080430952787,900,200,0.9,0.47140452079103173,FALSE,normal,2,0.09999999999999998,1.8,0.19999999999999996
