approach,mpbias,rmspe,medae,mse,coverage,prcloser,med_ci_len,N,n,psill_ratio,range,gridded,resptype,total_var,nugget_ratio,psill,nugget,seed
Design GRTS,0.003570605304839733,0.06882988564871506,0.04614292249495577,0.06473045342672523,0.933,0.2385,0.2535808196895447,900,200,0.5,0.47140452079103173,TRUE,normal,2,0.5,1,1,
Design IRS,-0.0016001111611934331,0.07770336390207647,0.05109649316248843,0.07941439496943087,0.952,0.306,0.30831101767385904,900,200,0.5,0.47140452079103173,TRUE,normal,2,0.5,1,1,
Model GRTS,0.003911185905586075,0.06786057884542118,0.046274384670136476,0.06524781517658151,0.9375,0.2075,0.2554846416182048,900,200,0.5,0.47140452079103173,TRUE,normal,2,0.5,1,1,
Model IRS,-4.0392077655550403e-4,0.06777923760506874,0.04717584005426283,0.06860816676875472,0.951,0.248,0.2686576835468006,900,200,0.5,0.47140452079103173,TRUE,normal,2,0.5,1,1,
