approach,mpbias,rmspe,medae,coverage,prcloser,med_ci_len,N,n,psill_ratio,range,gridded,resptype,total_var,nugget_ratio,psill,nugget
Design GRTS,-0.002447470153487126,0.06707623840604522,0.04404383312131377,0.9334667333666833,0.2351175587793897,0.2534758720079787,900,200,0.5,0.47140452079103173,TRUE,normal,2,0.5,1,1
Design IRS,0.002162556018027755,0.07883790125279229,0.053820718403752854,0.9534767383691846,0.272136068034017,0.3086546376637618,900,200,0.5,0.47140452079103173,TRUE,normal,2,0.5,1,1
Model GRTS,-0.0029782983152534287,0.06605124399770723,0.04281145620942395,0.9409704852426213,0.2466233116558279,0.2553553716810078,900,200,0.5,0.47140452079103173,TRUE,normal,2,0.5,1,1
Model IRS,8.283159063594613e-4,0.06775757915129484,0.04653729979863225,0.9579789894947474,0.24612306153076538,0.2690998870817195,900,200,0.5,0.47140452079103173,TRUE,normal,2,0.5,1,1
