approach,mpbias,rmspe,medae,coverage,prcloser,med_ci_len,N,n,psill_ratio,range,gridded,resptype,total_var,nugget_ratio,psill,nugget
Design GRTS,0.005077647938619273,0.0998386178411384,0.06755529456907802,0.93,0.2315,0.36688932966169313,900,100,0.5,0.47140452079103173,TRUE,normal,2,0.5,1,1
Design IRS,-0.0015641584793191744,0.11773948132895441,0.08010231570077615,0.954,0.3025,0.46558972808947774,900,100,0.5,0.47140452079103173,TRUE,normal,2,0.5,1,1
Model GRTS,0.0039404021977206055,0.09817734533485815,0.06386095523370322,0.947,0.225,0.3886764877430633,900,100,0.5,0.47140452079103173,TRUE,normal,2,0.5,1,1
Model IRS,-0.0022595052129858666,0.10720643579084764,0.07110768647481247,0.947,0.241,0.41432466287799197,900,100,0.5,0.47140452079103173,TRUE,normal,2,0.5,1,1
