approach,mpbias,rmspe,medae,coverage,prcloser,med_ci_len,N,n,total_var,psill_ratio,erange,gridded,resptype,nugget_ratio,psill,nugget
Design GRTS,-1.3908828471841656e-4,0.3305037869227512,0.12939101976975753,0.9029029029029029,0.25375375375375375,0.7404076001081368,900,200,2,0.5,2,TRUE,lognormal,0.5,1,1
Design IRS,-8.434136092235022e-4,0.35560432354404786,0.12376005300559667,0.9379379379379379,0.25225225225225223,0.8131185221000962,900,200,2,0.5,2,TRUE,lognormal,0.5,1,1
Model GRTS,-0.004120956065925736,0.32870673370293235,0.131883169768779,0.9049049049049049,0.24324324324324326,0.7462229012432683,900,200,2,0.5,2,TRUE,lognormal,0.5,1,1
Model IRS,-0.0029682658242821862,0.35395953722292917,0.12333904507691207,0.9144144144144144,0.25075075075075076,0.7250248745476636,900,200,2,0.5,2,TRUE,lognormal,0.5,1,1
