approach,mpbias,rmspe,medae,mse,coverage,prcloser,med_ci_len,N,n,psill_ratio,range,gridded,resptype,total_var,nugget_ratio,psill,nugget,seed
Design GRTS,-8.209956430462519e-4,0.04310504864742071,0.02051304746704452,0.038614497470377304,0.9503759398496241,0.25413533834586466,0.13370124446453202,900,200,0.9,0.47140452079103173,FALSE,lognormal,0.6931268193922153,0.09999999999999998,0.6238141374529939,0.06931268193922152,
Design IRS,0.0027790419700486693,0.07084457304366973,0.03575958398409185,0.06248363122836644,0.9503759398496241,0.3157894736842105,0.21029563160358533,900,200,0.9,0.47140452079103173,FALSE,lognormal,0.6931268193922153,0.09999999999999998,0.6238141374529939,0.06931268193922152,
Model GRTS,-1.4178251727356574e-4,0.03959216210908645,0.019368195809203792,0.03469885206855624,0.9418546365914787,0.187468671679198,0.12022788304250742,900,200,0.9,0.47140452079103173,FALSE,lognormal,0.6931268193922153,0.09999999999999998,0.6238141374529939,0.06931268193922152,
Model IRS,0.0011277740182066298,0.04369151947869441,0.02307618854325577,0.03957922675198043,0.9413533834586466,0.24260651629072683,0.13700753401264043,900,200,0.9,0.47140452079103173,FALSE,lognormal,0.6931268193922153,0.09999999999999998,0.6238141374529939,0.06931268193922152,
