approach,mpbias,rmspe,medae,mse,coverage,prcloser,med_ci_len,N,n,psill_ratio,range,gridded,resptype,total_var,nugget_ratio,psill,nugget
Design GRTS,-0.004454172212054574,0.08846736844517969,0.05754515648738934,0.08541329212622296,0.938,0.2415,0.33441454307437096,900,200,0,0.47140452079103173,TRUE,normal,2,1,0,2
Design IRS,0.0013239979870399614,0.08822248345057948,0.06102644761363801,0.08820343875383917,0.955,0.2165,0.3456797077501048,900,200,0,0.47140452079103173,TRUE,normal,2,1,0,2
Model GRTS,-0.004461615936562462,0.08853973363664883,0.0573339544510302,0.08741658184415872,0.946,0.2855,0.3426395274570103,900,200,0,0.47140452079103173,TRUE,normal,2,1,0,2
Model IRS,0.0013085538477016648,0.08856068763350806,0.060734572758834746,0.08799156396916549,0.953,0.2595,0.3450703164633342,900,200,0,0.47140452079103173,TRUE,normal,2,1,0,2
