approach,mpbias,rmspe,medae,coverage,prcloser,med_ci_len,N,n,psill_ratio,range,gridded,resptype,total_var,nugget_ratio,psill,nugget
Design GRTS,6.86596064406038e-4,0.08681201563035151,0.05841720220923837,0.946,0.2495,0.33533812097783816,900,200,0,0.47140452079103173,FALSE,normal,2,1,0,2
Design IRS,-0.001401964743437177,0.08929483683768055,0.059823390784243785,0.9465,0.2445,0.34582676807188206,900,200,0,0.47140452079103173,FALSE,normal,2,1,0,2
Model GRTS,7.268835027736475e-4,0.08669494541692638,0.05869024882893133,0.949,0.2465,0.3428615001019656,900,200,0,0.47140452079103173,FALSE,normal,2,1,0,2
Model IRS,-0.0014649055063355176,0.08962427270532586,0.0603160206684677,0.9465,0.2625,0.34519201151003265,900,200,0,0.47140452079103173,FALSE,normal,2,1,0,2
