approach,mpbias,rmspe,medae,coverage,prcloser,med_ci_len,N,n,psill_ratio,range,gridded,resptype,total_var,nugget_ratio,psill,nugget
Design GRTS,-0.0012555081267060007,0.04518097681630275,0.021788232428837873,0.9348044132397192,0.24373119358074222,0.1299006286060982,900,200,0.9,0.47140452079103173,FALSE,lognormal,0.6931268193922153,0.09999999999999998,0.6238141374529939,0.06931268193922152
Design IRS,-6.17486320286781e-4,0.07497972872461924,0.03422542100509757,0.9393179538615848,0.3329989969909729,0.20636221602301652,900,200,0.9,0.47140452079103173,FALSE,lognormal,0.6931268193922153,0.09999999999999998,0.6238141374529939,0.06931268193922152
Model GRTS,-0.0011563957838284708,0.039741975650398574,0.019855368021716113,0.9418254764292878,0.18455366098294884,0.11622432362918383,900,200,0.9,0.47140452079103173,FALSE,lognormal,0.6931268193922153,0.09999999999999998,0.6238141374529939,0.06931268193922152
Model IRS,-0.002543158700077932,0.0460620552417318,0.022658897644894427,0.9418254764292878,0.238716148445336,0.13367328222579133,900,200,0.9,0.47140452079103173,FALSE,lognormal,0.6931268193922153,0.09999999999999998,0.6238141374529939,0.06931268193922152
