approach,mpbias,rmspe,medae,mse,coverage,prcloser,med_ci_len,N,n,psill_ratio,range,gridded,resptype,total_var,nugget_ratio,psill,nugget
Design GRTS,2.2826758617811526e-4,0.13747316707739393,0.0922652697254035,0.11807336294933837,0.884,0.2405,0.44191204865171985,900,100,0,0.47140452079103173,FALSE,lognormal,0.6931268193922153,1,0,0.6931268193922153
Design IRS,-0.005075646164797882,0.13481594856472254,0.08784810929422815,0.12979979259850952,0.928,0.238,0.48609350299234744,900,100,0,0.47140452079103173,FALSE,lognormal,0.6931268193922153,1,0,0.6931268193922153
Model GRTS,-3.358664009368323e-4,0.13770216037312935,0.09332107029150294,0.1275102064764788,0.909,0.2435,0.47922373279129404,900,100,0,0.47140452079103173,FALSE,lognormal,0.6931268193922153,1,0,0.6931268193922153
Model IRS,-0.007504135534398815,0.13718383682178203,0.08928192049598194,0.12901568509858477,0.923,0.278,0.48437549800275415,900,100,0,0.47140452079103173,FALSE,lognormal,0.6931268193922153,1,0,0.6931268193922153
