approach,mpbias,rmspe,medae,coverage,prcloser,med_ci_len,N,n,total_var,psill_ratio,erange,gridded,resptype,nugget_ratio,psill,nugget
Design GRTS,-0.015823745077787804,0.4508471568240099,0.29474934295122834,0.8685,0.258,1.4268280204210697,900,10,2,0,2,FALSE,normal,1,0,2
Design IRS,-0.0019848804399003072,0.44589326725032846,0.29459740385165145,0.9135,0.2575,1.6757079845756637,900,10,2,0,2,FALSE,normal,1,0,2
Model GRTS,-0.015936862874685695,0.45487379304321884,0.3070339217506324,0.869,0.2445,1.5030140346151857,900,10,2,0,2,FALSE,normal,1,0,2
Model IRS,-5.499306712822062e-4,0.46373240254769776,0.30518078053984243,0.884,0.2405,1.5832283631651758,900,10,2,0,2,FALSE,normal,1,0,2
