approach,mpbias,rmspe,medae,mse,coverage,prcloser,med_ci_len,N,n,psill_ratio,range,gridded,resptype,total_var,nugget_ratio,psill,nugget
Design GRTS,0.0014746408698682392,0.08598089567577576,0.057520297450063707,0.08401832312787408,0.9365,0.224,0.3191114026006854,900,200,0,0.47140452079103173,FALSE,lognormal,0.6931268193922153,1,0,0.6931268193922153
Design IRS,-0.0027931066842822013,0.0890846553690371,0.058660180853662425,0.087197571664148,0.9425,0.2365,0.33094408955451815,900,200,0,0.47140452079103173,FALSE,lognormal,0.6931268193922153,1,0,0.6931268193922153
Model GRTS,0.0012241932915585839,0.0861300028008885,0.05761756354697756,0.0856778770246977,0.9415,0.259,0.32590191308759575,900,200,0,0.47140452079103173,FALSE,lognormal,0.6931268193922153,1,0,0.6931268193922153
Model IRS,-0.003277880453877903,0.08957392321438347,0.05902490859263887,0.08698234799016012,0.9395,0.2825,0.3302908271498144,900,200,0,0.47140452079103173,FALSE,lognormal,0.6931268193922153,1,0,0.6931268193922153
