approach,mpbias,rmspe,medae,coverage,prcloser,med_ci_len,N,n,total_var,psill_ratio,erange,gridded,resptype,nugget_ratio,psill,nugget
Design GRTS,0.0027063183544034164,0.08750233042618323,0.05770539379552378,0.947,0.2305,0.3350822349360581,900,200,2,0,2,FALSE,normal,1,0,2
Design IRS,-0.0024798891230492365,0.08689333975580986,0.059533177674032683,0.95,0.2445,0.34538054148354747,900,200,2,0,2,FALSE,normal,1,0,2
Model GRTS,0.002720562744740038,0.08756662543317385,0.05766909798798232,0.9505,0.2435,0.3429838739586344,900,200,2,0,2,FALSE,normal,1,0,2
Model IRS,-0.0024478979786687277,0.08716953788404783,0.059700543828777125,0.9505,0.2855,0.3444382498715707,900,200,2,0,2,FALSE,normal,1,0,2
