approach,mpbias,rmspe,medae,mse,coverage,prcloser,med_ci_len,N,n,psill_ratio,range,gridded,resptype,total_var,nugget_ratio,psill,nugget,seed
Design GRTS,-0.0030366690374870474,0.15006112125927393,0.10055652109953922,0.1356032242429442,0.9205,0.2385,0.5314137902569273,900,50,0.5,0.47140452079103173,TRUE,normal,2,0.5,1,1,
Design IRS,-0.0013162706567293962,0.1775342787717548,0.11583906156290424,0.17428663407073458,0.946,0.278,0.6795264959294867,900,50,0.5,0.47140452079103173,TRUE,normal,2,0.5,1,1,
Model GRTS,-0.0031107349502254933,0.14717854242028539,0.09976844931698882,0.14519625235496986,0.94,0.237,0.5695153435121507,900,50,0.5,0.47140452079103173,TRUE,normal,2,0.5,1,1,
Model IRS,-6.75118878119117e-4,0.16174497710454422,0.11058725428725871,0.15616435738862164,0.9355,0.2465,0.6131119328080572,900,50,0.5,0.47140452079103173,TRUE,normal,2,0.5,1,1,
