approach,mpbias,rmspe,medae,coverage,prcloser,med_ci_len,N,n,total_var,psill_ratio,erange,gridded,resptype,nugget_ratio,psill,nugget
Design GRTS,0.010810790428496966,2.0336127245252644,1.051815871169215,0.6745,0.2055,2.8616066723422593,900,10,2,0,2,TRUE,lognormal,1,0,2
Design IRS,0.04421290741152094,1.88508263074976,1.0483733138033897,0.7075,0.2045,3.260940557711301,900,10,2,0,2,TRUE,lognormal,1,0,2
Model GRTS,-0.0557429053503846,2.186416083727157,1.0617015009641897,0.672,0.2915,2.9081085491347194,900,10,2,0,2,TRUE,lognormal,1,0,2
Model IRS,-0.023912104927024707,1.9476122140009031,1.0769361689525312,0.6715,0.3,2.992500158845765,900,10,2,0,2,TRUE,lognormal,1,0,2
