approach,mpbias,rmspe,medae,mse,coverage,prcloser,med_ci_len,N,n,psill_ratio,range,gridded,resptype,total_var,nugget_ratio,psill,nugget,seed
Design GRTS,4.55999701594871e-4,0.19141484314837792,0.1318404567704407,0.17012509415135324,0.917,0.2355,0.6664268955632006,900,50,0,0.47140452079103173,TRUE,normal,2,1,0,2,
Design IRS,-0.01121919816590518,0.19046712977370175,0.12669587477413186,0.19427890582056923,0.949,0.2485,0.7602261430825046,900,50,0,0.47140452079103173,TRUE,normal,2,1,0,2,
Model GRTS,4.2841624532379143e-4,0.1921906860921817,0.13077590854047988,0.18692550329869417,0.9345,0.242,0.7347630918846002,900,50,0,0.47140452079103173,TRUE,normal,2,1,0,2,
Model IRS,-0.011211183561124783,0.19303294219809009,0.12923050507274464,0.19215793623952082,0.942,0.276,0.7504955492257874,900,50,0,0.47140452079103173,TRUE,normal,2,1,0,2,
