approach,mpbias,rmspe,medae,mse,coverage,prcloser,med_ci_len,N,n,psill_ratio,range,gridded,resptype,total_var,nugget_ratio,psill,nugget
Design GRTS,-0.005619918673831365,0.19444486511355422,0.12759395245590777,0.16344262964778583,0.887,0.2535,0.600954278315551,900,50,0,0.47140452079103173,FALSE,lognormal,0.6931268193922153,1,0,0.6931268193922153
Design IRS,0.003194105140243628,0.184302328104227,0.12464361102772126,0.18329144510604992,0.9205,0.2315,0.6779450472719395,900,50,0,0.47140452079103173,FALSE,lognormal,0.6931268193922153,1,0,0.6931268193922153
Model GRTS,-0.007837085804732464,0.1966828552993112,0.127554517375701,0.1789164753177953,0.9075,0.2685,0.6556491231745534,900,50,0,0.47140452079103173,FALSE,lognormal,0.6931268193922153,1,0,0.6931268193922153
Model IRS,-0.003900588615319178,0.19448558605545024,0.12744799625753134,0.18075736967306616,0.9105,0.2485,0.6681647769127379,900,50,0,0.47140452079103173,FALSE,lognormal,0.6931268193922153,1,0,0.6931268193922153
