approach,mpbias,rmspe,medae,mse,coverage,prcloser,med_ci_len,N,n,psill_ratio,range,gridded,resptype,total_var,nugget_ratio,psill,nugget,seed
Design GRTS,4.77498842370115e-4,0.06549361730097587,0.043285297425264185,0.06450161590099852,0.9474474474474475,0.25425425425425424,0.25249043360940104,900,200,0.5,0.47140452079103173,FALSE,normal,2,0.5,1,1,
Design IRS,7.667466092553031e-4,0.08163821972951611,0.05685467417713168,0.07908206340412013,0.938938938938939,0.2932932932932933,0.30671795544483554,900,200,0.5,0.47140452079103173,FALSE,normal,2,0.5,1,1,
Model GRTS,8.879381793810909e-4,0.06426895257311746,0.04216496705200587,0.06476828509695523,0.950950950950951,0.2087087087087087,0.25388469082415044,900,200,0.5,0.47140452079103173,FALSE,normal,2,0.5,1,1,
Model IRS,5.015997171605767e-4,0.07131142565347218,0.04928460269819362,0.06842739876124627,0.9444444444444444,0.24374374374374375,0.2678060609387808,900,200,0.5,0.47140452079103173,FALSE,normal,2,0.5,1,1,
