approach,mpbias,rmspe,medae,mse,coverage,prcloser,med_ci_len,N,n,psill_ratio,range,gridded,resptype,total_var,nugget_ratio,psill,nugget,seed
Design GRTS,0.0020646880942190443,0.13152366703287732,0.08961170510322491,0.12112322206122139,0.928,0.2385,0.47405405895988695,900,100,0,0.47140452079103173,FALSE,normal,2,1,0,2,
Design IRS,-3.873238287259753e-4,0.13394429447573036,0.08958199843497439,0.13327599145083038,0.945,0.251,0.522159572694895,900,100,0,0.47140452079103173,FALSE,normal,2,1,0,2,
Model GRTS,0.0018619912621556745,0.13182363993059096,0.0896254630016684,0.13125972187215842,0.946,0.2555,0.5148171546121597,900,100,0,0.47140452079103173,FALSE,normal,2,1,0,2,
Model IRS,-6.729743866238976e-4,0.1343538789337696,0.09074721015314821,0.13262958475844105,0.9435,0.2585,0.5195033407819891,900,100,0,0.47140452079103173,FALSE,normal,2,1,0,2,
