approach,mpbias,rmspe,medae,coverage,prcloser,med_ci_len
Design GRTS,0.07395101245575875,0.5749513329988385,0.48556451735044154,0.9,0.2,1.6892468243024472
Design IRS,0.09466067049257276,0.5358355983220671,0.3362018865487952,0.8,0.4,1.5585553589925163
Model GRTS,0.09284517414362416,0.5918440530260671,0.4964486352979179,0.9,0.2,1.7217867564794296
Model IRS,0.10153442901878512,0.544258834019134,0.3426602537132975,0.8,0.2,1.4334480387599695
