approach,mpbias,rmspe,medae,coverage,prcloser,med_ci_len
Design,3.0019832559833714e-4,0.035319119876732426,0.02507211364048767,0.9461020211742059,0.48893166506256014,0.13619058009333762
Model,-1.4431317144218326e-4,0.0362106840749856,0.025269525365622495,0.9480269489894129,0.5110683349374399,0.14300402380276367
