approach,mpbias,rmspe,medae,coverage,prcloser,med_ci_len
Design GRTS,-9.45573401132951e-4,0.03513076074539214,0.023665690753952223,0.938,0.2325,0.13324978597996728
Design IRS,-3.0471626837326845e-4,0.05991685205936039,0.03960902601269731,0.948,0.3485,0.2284560961500684
Model GRTS,-5.355587502674343e-4,0.03168587457559724,0.02158664147467826,0.941,0.1915,0.12194807458485676
Model IRS,-1.8652333220705092e-4,0.03527883725372602,0.02334750281910352,0.9515,0.2275,0.1394784699004496
