approach,mpbias,rmspe,medae,mse,coverage,prcloser,med_ci_len,n,var
Design GRTS,-0.16398380171984872,6.034054132544914,4.023575573280148,4.228022068005589,0.8125,0.1875,16.46038474081503,200,TOTALHG_RESULT
Design IRS,-2.7674119267198494,7.675643200987787,5.369425573280154,5.840279420427657,0.9375,0.3125,22.85878271393291,200,TOTALHG_RESULT
Model GRTS,-0.2518195402967889,5.98735018879463,4.184869540452034,4.289750506728652,0.75,0.25,16.706619349146607,200,TOTALHG_RESULT
Model IRS,-0.8457287930238246,4.174259997079556,3.313675314200104,4.539021987833589,1,0.25,17.122343199146883,200,TOTALHG_RESULT
