approach,mpbias,rmspe,medae,mse,coverage,prcloser,med_ci_len,n,var
Design GRTS,0.1530821732801518,10.176077698605324,6.794575573280156,8.962505394946238,0.9015,0.2355,33.51647566765347,50,TOTALHG_RESULT
Design IRS,0.0927912732801517,12.944568464488512,8.580275573280154,12.684912693671357,0.925,0.309,48.3053097555536,50,TOTALHG_RESULT
Model GRTS,-0.12561440148205275,9.83860145890245,6.5966246581261245,9.267806598617298,0.92,0.2315,34.47305075210883,50,TOTALHG_RESULT
Model IRS,0.15361517739899155,11.065786052974245,7.529092918771852,10.316276282203463,0.9165,0.224,38.572197441999066,50,TOTALHG_RESULT
