approach,mpbias,rmspe,medae,mse,coverage,prcloser,med_ci_len,n,var
Design GRTS,1.6216380732801516,5.275491680455531,2.7919744267198467,5.875965210432893,0.875,0.25,23.601539910314827,100,TOTALHG_RESULT
Design IRS,-4.3108931767198495,10.45443852680469,5.549224426719853,9.063805879561032,0.8125,0.5,35.10279622464131,100,TOTALHG_RESULT
Model GRTS,2.096938932016295,5.150714174719072,3.144314552513322,6.271275630556746,0.875,0.0625,25.035978913891483,100,TOTALHG_RESULT
Model IRS,-2.11506030622449,6.917248464075058,4.352371100950776,7.058801561150082,0.9375,0.1875,27.161558601760618,100,TOTALHG_RESULT
