approach,mpbias,rmspe,medae,mse,coverage,prcloser,med_ci_len,n,var,seed
Design GRTS,-0.18795462671984847,10.555835447095287,7.140475573280156,9.037361771683798,0.897,0.243,33.86837746574628,50,TOTALHG_RESULT,
Design IRS,0.2539007732801516,12.946745261499402,8.752724426719844,12.620915324680704,0.9215,0.2915,47.89251424447224,50,TOTALHG_RESULT,
Model GRTS,-0.5604419964725927,10.443362702939352,6.853723955949,9.3132892971335135,0.907,0.225,34.28989215269529,50,TOTALHG_RESULT,
Model IRS,0.05727664196274296,11.376040219212832,7.4831492558320605,10.29628472332742,0.902,0.2405,38.588577116025306,50,TOTALHG_RESULT,
