approach,mpbias,rmspe,medae,mse,coverage,prcloser,med_ci_len,n,var,seed
Design GRTS,0.019301446618361112,0.8523854703145541,0.5769900966183634,0.8311783500901183,0.946,0.1885,3.2564620980041283,200,MMI_ZOOP_NLA6,
Design IRS,-0.009263140881638996,1.1311255111226932,0.7623874999999991,1.1152591268467251,0.9455,0.3065,4.369694961405031,200,MMI_ZOOP_NLA6,
Model GRTS,-0.031123225823638134,0.8279786039070433,0.5494198075707857,0.8315553409090077,0.945,0.2495,3.2599984291928124,200,MMI_ZOOP_NLA6,
Model IRS,-0.07357019277458357,0.909020900862034,0.6139012489864122,0.8943978594562153,0.945,0.2555,3.5041538847646336,200,MMI_ZOOP_NLA6,
