approach,mpbias,rmspe,medae,mse,coverage,prcloser,med_ci_len,n,var,seed
Design GRTS,0.0075306732801518105,7.141543865390315,4.7830999999999975,6.211893451635278,0.9045,0.2055,23.646828269094073,100,TOTALHG_RESULT,
Design IRS,-0.13903242671984847,8.966685872954713,5.886949999999999,8.862336509861318,0.929,0.2835,34.2190247704894,100,TOTALHG_RESULT,
Model GRTS,-0.4156317469429742,7.034444587598714,4.65847501916538,6.466035800789573,0.923,0.2475,24.55698536822908,100,TOTALHG_RESULT,
Model IRS,-0.42125807846723656,7.482031999532715,4.790478527724808,7.041393491965213,0.919,0.2635,26.89010132865414,100,TOTALHG_RESULT,
