approach,mpbias,rmspe,medae,mse,coverage,prcloser,med_ci_len,n,var
Design GRTS,2.672588073280151,9.455708838277701,6.496099999999998,8.683615886932886,0.875,0.375,32.884109959231154,50,TOTALHG_RESULT
Design IRS,3.634188073280151,14.111074958231054,7.430199999999999,12.12382656267294,0.8125,0.1875,48.02232049986163,50,TOTALHG_RESULT
Model GRTS,1.9022511505716118,8.613206983209826,5.516027019160589,8.954453478522623,0.875,0.25,33.500818258191906,50,TOTALHG_RESULT
Model IRS,3.3195372875408236,12.27317064588725,8.157599508208271,10.156434858642902,0.9375,0.1875,39.399196698665264,50,TOTALHG_RESULT
