approach,mpbias,rmspe,medae,mse,coverage,prcloser,med_ci_len,n,var
Design GRTS,0.11710469828015149,4.455713814090541,3.0114749999999972,4.271510070674399,0.933,0.195,16.564753257681332,200,TOTALHG_RESULT
Design IRS,-0.07521222671984844,5.751524898212153,3.97507442671985,5.907455967490821,0.9535,0.3165,23.002484689836933,200,TOTALHG_RESULT
Model GRTS,-0.0766372308242226,4.344097830076685,2.9270121276360115,4.343533261380252,0.9465,0.247,16.870966765683434,200,TOTALHG_RESULT
Model IRS,-0.11297301576847849,4.467848324796814,3.109731403859243,4.592315780708474,0.957,0.2415,17.789408005008767,200,TOTALHG_RESULT
