approach,mpbias,rmspe,medae,mse,coverage,prcloser,med_ci_len,n,var,seed
Design GRTS,-0.004663103381638965,1.995299648730212,1.3485599033816378,1.7901037077013089,0.921,0.22,7.0162593611987845,50,MMI_ZOOP_NLA6,
Design IRS,0.04611924661836116,2.450243763609842,1.6179500000000004,2.416898577228409,0.944,0.2945,9.489247652049038,50,MMI_ZOOP_NLA6,
Model GRTS,-0.11908422151684689,1.960780203558963,1.322023605375474,1.8946113556441573,0.9355,0.267,7.3965914312635945,50,MMI_ZOOP_NLA6,
Model IRS,3.9172741313732e-5,2.1476584874308426,1.421941793593124,2.1124189630307044,0.9395,0.2185,8.286546464194195,50,MMI_ZOOP_NLA6,
