approach,mpbias,rmspe,medae,mse,coverage,prcloser,med_ci_len,n,var
Design GRTS,0.2231661255411299,1.228274378025544,0.797958874458871,1.2329124436155778,0.875,0.1875,4.834534440347255,100,MMI_BENT_NLA12
Design IRS,-0.002990124458869925,1.1930950503806128,1.0824588744588688,1.4635711481188165,1,0.25,5.669126882706912,100,MMI_BENT_NLA12
Model GRTS,0.17844278428986948,1.1495226033323978,0.6892306387669436,1.3200752132632734,0.9375,0.25,5.149068399678775,100,MMI_BENT_NLA12
Model IRS,0.11276992829584831,1.2535798233259254,1.046998147318238,1.3981349264477552,1,0.3125,5.503042856171042,100,MMI_BENT_NLA12
