approach,mpbias,rmspe,medae,mse,coverage,prcloser,med_ci_len,n,var,seed
Design GRTS,-0.0537624767198484,4.505137601731522,2.98297557328015,4.2734418999413055,0.9325,0.204,16.627494481739916,200,TOTALHG_RESULT,
Design IRS,-0.0876339267198483,5.917576356390942,3.8960249999999945,5.9176317059172385,0.945,0.3155,23.01613566323165,200,TOTALHG_RESULT,
Model GRTS,-0.2762326875656257,4.399753034999519,2.9312790648105818,4.338742315426362,0.941,0.2505,16.87994224233681,200,TOTALHG_RESULT,
Model IRS,-0.17751632932440403,4.696991568584185,3.2374265427359745,4.60943642589444,0.94,0.23,17.86845369196473,200,TOTALHG_RESULT,
