approach,mpbias,rmspe,medae,mse,coverage,prcloser,med_ci_len,n,var
Design GRTS,0.20572862554113058,1.8565602218109685,1.504999999999999,1.7991550497907307,1,0.1875,7.170794073109889,50,MMI_BENT_NLA12
Design IRS,-0.14914637445886925,1.9300646798379528,1.4860000000000007,2.08069814981371,0.9375,0.1875,8.071110674394497,50,MMI_BENT_NLA12
Model GRTS,0.16133858767584286,1.918515555812845,1.5107523798962177,1.9783815024639477,1,0.1875,7.898397508053115,50,MMI_BENT_NLA12
Model IRS,-0.08203111557664977,1.91724602411821,1.7080862137828028,2.0374529687813956,0.9375,0.4375,7.9203098828976906,50,MMI_BENT_NLA12
