approach,mpbias,rmspe,medae,mse,coverage,prcloser,med_ci_len,n,var,seed
Design GRTS,-0.00657582838163891,1.3218552683336966,0.8810250000000011,1.2180751673322683,0.9205,0.195,4.776672240438742,100,MMI_ZOOP_NLA6,
Design IRS,-0.05405892838163892,1.690104732910233,1.1597749999999998,1.6667080092193518,0.946,0.2965,6.536572907650232,100,MMI_ZOOP_NLA6,
Model GRTS,-0.0968307672525645,1.295781243699827,0.8621372489520773,1.2691055677486935,0.945,0.253,4.976132632863134,100,MMI_ZOOP_NLA6,
Model IRS,-0.09424612337226432,1.3920211348924734,0.9713141173488573,1.395292277105251,0.9445,0.2555,5.459053202004824,100,MMI_ZOOP_NLA6,
