approach,mpbias,rmspe,medae,mse,coverage,prcloser,med_ci_len,n,var
Design GRTS,0.0840593755411301,1.354385009204658,0.9339999999999975,1.2632476715237357,0.935,0.2,4.946095625545894,100,MMI_BENT_NLA12
Design IRS,0.012379375541129998,1.525968716717589,1.011499999999998,1.474377798703942,0.937,0.2685,5.777116703614169,100,MMI_BENT_NLA12
Model GRTS,0.040219239865601865,1.3507714804078321,0.9223607280279857,1.3478110340724405,0.954,0.271,5.2847907889917,100,MMI_BENT_NLA12
Model IRS,0.005692633954808528,1.4938224319044586,0.9888909203901868,1.4130862326089944,0.9295,0.261,5.534801082453363,100,MMI_BENT_NLA12
