approach,mpbias,rmspe,medae,mse,coverage,prcloser,med_ci_len,n,var
Design GRTS,0.2714665732801517,6.7143767469913,4.403150000000004,6.166092159082931,0.9175,0.203,23.642094401551134,100,TOTALHG_RESULT
Design IRS,-0.12755992671984837,8.963116978626607,6.0139,8.800216071146611,0.938,0.327,33.899397891238095,100,TOTALHG_RESULT
Model GRTS,-0.09892012147290843,6.612767397824064,4.338231405956094,6.4268538795081716,0.9285,0.2395,24.303859892134682,100,TOTALHG_RESULT
Model IRS,-0.10161102490785019,7.248554092107394,4.895460653288339,6.986657292831424,0.9305,0.2305,26.924019346718026,100,TOTALHG_RESULT
