approach,mpbias,rmspe,medae,mse,coverage,prcloser,med_ci_len,n,var
Design GRTS,-0.036945374458869945,2.019896257239875,1.3469999999999978,1.808112322491756,0.911,0.2135,7.084492092089214,50,MMI_BENT_NLA12
Design IRS,0.022254125541130144,2.1019222651503076,1.4364999999999988,2.1437443739005486,0.955,0.2685,8.381599214328837,50,MMI_BENT_NLA12
Model GRTS,-0.06910842821309608,2.0285582129351356,1.3481883633367708,1.9808091998458353,0.935,0.2925,7.8117727863936395,50,MMI_BENT_NLA12
Model IRS,0.03888644203251213,2.1004152517556434,1.4585411255411458,2.0684087137435547,0.943,0.2275,8.096534962307317,50,MMI_BENT_NLA12
