approach,mpbias,rmspe,medae,mse,coverage,prcloser,med_ci_len,n,var
Design GRTS,0.007468000541130102,0.8916675122157736,0.5882911255411294,0.8741175792374309,0.944,0.1745,3.4245620183785164,200,MMI_BENT_NLA12
Design IRS,-0.010534499458869917,0.9821556109158356,0.6472499999999997,0.9785788349803951,0.947,0.253,3.8329882812311595,200,MMI_BENT_NLA12
Model GRTS,-0.04806182410266643,0.8828766614518675,0.5964099836585106,0.8784240121423995,0.946,0.301,3.4430776179309035,200,MMI_BENT_NLA12
Model IRS,-0.031205293477070423,0.9405497716168036,0.6279397101094446,0.9249949628656228,0.9395,0.2715,3.6266380609820033,200,MMI_BENT_NLA12
