approach,mpbias,rmspe,medae,coverage,prcloser,med_ci_len,N,n,total_var,psill_ratio,erange,gridded,resptype,nugget_ratio,psill,nugget
Design GRTS,0.1672453781574187,0.4384652869333526,0.3372419664566365,0.8,0.4,1.286117987453506,900,10,2,0.5,2,FALSE,normal,0.5,1,1
Design IRS,0.15035530472406516,0.3600771493198319,0.40520590926282274,1,0.2,1.6255521651682812,900,10,2,0.5,2,FALSE,normal,0.5,1,1
Model GRTS,0.19255252065528425,0.3817892110753906,0.28662967099507464,1,0,1.4432714844160959,900,10,2,0.5,2,FALSE,normal,0.5,1,1
Model IRS,0.09308394145582269,0.30914448368625386,0.25408943721385524,1,0.4,1.4971534029454445,900,10,2,0.5,2,FALSE,normal,0.5,1,1
