approach,mpbias,rmspe,medae,coverage,prcloser,med_ci_len,N,n,total_var,psill_ratio,erange,gridded,resptype,nugget_ratio,psill,nugget
Design GRTS,-0.011899885871295764,0.07516997566302097,0.04897493324070739,1,0.2,0.33440102442115766,900,200,2,0,2,TRUE,normal,1,0,2
Design IRS,0.030234568089005095,0.08652320070387519,0.07181151750440778,1,0.2,0.34090355170660613,900,200,2,0,2,TRUE,normal,1,0,2
Model GRTS,-0.011649850686359499,0.07470316844347637,0.04897493324070726,1,0.2,0.35387815220123037,900,200,2,0,2,TRUE,normal,1,0,2
Model IRS,0.030095184567930842,0.0864889272221357,0.07181151750440809,1,0.4,0.339791095180049,900,200,2,0,2,TRUE,normal,1,0,2
