approach,mpbias,rmspe,medae,coverage,prcloser,med_ci_len,N,n,total_var,psill_ratio,erange,gridded,resptype,nugget_ratio,psill,nugget
Design GRTS,-0.3428677104008302,0.6340717118674495,0.5693250598618538,0.8,0,2.206931334760627,900,50,2,0.5,2,TRUE,lognormal,0.5,1,1
Design IRS,0.053303902516401006,1.042682162114301,0.8484240588969607,0.6,0.2,1.559492813973681,900,50,2,0.5,2,TRUE,lognormal,0.5,1,1
Model GRTS,-0.48039368729441573,0.7946225332068827,0.6343796997703914,1,0.6,2.3767355221040916,900,50,2,0.5,2,TRUE,lognormal,0.5,1,1
Model IRS,-0.034664704819016026,1.2118242172928406,0.9244564446660744,0.8,0.2,2.3092319170728666,900,50,2,0.5,2,TRUE,lognormal,0.5,1,1
