approach,mpbias,rmspe,medae,coverage,prcloser,med_ci_len,N,n,total_var,psill_ratio,erange,gridded,resptype,nugget_ratio,psill,nugget
Design GRTS,-0.1112903276575655,0.687450523598593,0.3947178681166563,0.8,0.2,2.7182615227866296,900,50,2,0,2,FALSE,lognormal,1,0,2
Design IRS,-0.1408712192391151,1.285729187951189,0.5502673976901578,1,0.2,1.8936326335852058,900,50,2,0,2,FALSE,lognormal,1,0,2
Model GRTS,-0.11524515626482357,0.6898723500260944,0.4348573601510317,0.8,0.6,3.0346880386937505,900,50,2,0,2,FALSE,lognormal,1,0,2
Model IRS,-0.11930139965623257,1.2561745824279957,0.580463815325281,0.8,0,1.8936674301685779,900,50,2,0,2,FALSE,lognormal,1,0,2
