approach,mpbias,rmspe,medae,coverage,prcloser,med_ci_len,N,n,total_var,psill_ratio,erange,gridded,resptype,nugget_ratio,psill,nugget
Design GRTS,-0.054773671202592716,0.06704357582364716,0.059183869753503204,1,0.4,0.8913771962598074,900,10,2,0.9,2,FALSE,normal,0.09999999999999998,1.8,0.19999999999999996
Design IRS,-0.12033362160350661,0.23068648140635592,0.18370315088396671,1,0.4,1.1306770422770303,900,10,2,0.9,2,FALSE,normal,0.09999999999999998,1.8,0.19999999999999996
Model GRTS,-0.05778563390632508,0.09788414226052851,0.06647342761612544,1,0,0.8836801265652147,900,10,2,0.9,2,FALSE,normal,0.09999999999999998,1.8,0.19999999999999996
Model IRS,-0.05496852241155792,0.2483963902229608,0.1621648876705688,0.8,0.2,0.8630501557846165,900,10,2,0.9,2,FALSE,normal,0.09999999999999998,1.8,0.19999999999999996
