approach,mpbias,rmspe,medae,coverage,prcloser,med_ci_len,N,n,total_var,psill_ratio,erange,gridded,resptype,nugget_ratio,psill,nugget
Design GRTS,0.07487876678306557,0.28374045549827603,0.1322930840770833,0.8,0.2,1.1024649405666131,900,200,2,0,2,TRUE,lognormal,1,0,2
Design IRS,-0.06774487126842269,0.5838630046590696,0.33814028048011924,0.8,0,1.13085332181823,900,200,2,0,2,TRUE,lognormal,1,0,2
Model GRTS,0.07489334415043461,0.28351027465848916,0.13229308407714857,0.8,0.6,1.1630155902452124,900,200,2,0,2,TRUE,lognormal,1,0,2
Model IRS,-0.07751036816050609,0.6021811333849132,0.33544750402937984,0.8,0.2,1.1308741018952073,900,200,2,0,2,TRUE,lognormal,1,0,2
