approach,mpbias,rmspe,medae,coverage,prcloser,med_ci_len,N,n,total_var,psill_ratio,erange,gridded,resptype,nugget_ratio,psill,nugget
Design GRTS,-0.036463027983819715,0.05041210360175349,0.03276165578558743,1,0.2,0.24576317580252777,900,200,2,0.5,2,FALSE,normal,0.5,1,1
Design IRS,-0.01851513495809569,0.07799899126495073,0.05501472827718734,1,0.2,0.3082650848613333,900,200,2,0.5,2,FALSE,normal,0.5,1,1
Model GRTS,-0.029796645383425267,0.04191699653192459,0.017797883466627917,1,0.2,0.24952003235627163,900,200,2,0.5,2,FALSE,normal,0.5,1,1
Model IRS,-0.020585776915548238,0.0713865799060806,0.0691627579521546,1,0.4,0.2688412117647494,900,200,2,0.5,2,FALSE,normal,0.5,1,1
