approach,mpbias,rmspe,medae,coverage,prcloser,med_ci_len,N,n,total_var,psill_ratio,erange,gridded,resptype,nugget_ratio,psill,nugget
Design GRTS,-0.16168289007574269,0.4687340966343283,0.37130754077169836,1,0.4,1.6367244762158704,900,100,2,0,2,TRUE,lognormal,1,0,2
Design IRS,0.16644845826688295,0.42138158545390053,0.411460275250378,1,0.2,1.32129542625618,900,100,2,0,2,TRUE,lognormal,1,0,2
Model GRTS,-0.15989751287831727,0.4653433233372905,0.36956861701974564,1,0.2,1.7980330019124626,900,100,2,0,2,TRUE,lognormal,1,0,2
Model IRS,0.16406941231441374,0.42336166018799304,0.43084828784355134,1,0.2,1.6533145683878203,900,100,2,0,2,TRUE,lognormal,1,0,2
