approach,mpbias,rmspe,medae,coverage,prcloser,med_ci_len,N,n,total_var,psill_ratio,erange,gridded,resptype,nugget_ratio,psill,nugget
Design GRTS,0.0015567921041322937,0.13274356978066623,0.08673912767976823,0.92,0.2495,0.4723954061946732,900,100,2,0,2,TRUE,normal,1,0,2
Design IRS,-0.003120474211636747,0.13430384205170304,0.09070456270312474,0.943,0.2275,0.5233695223106878,900,100,2,0,2,TRUE,normal,1,0,2
Model GRTS,0.0015451160997155791,0.13273288311501957,0.08676526474612915,0.9395,0.247,0.5132439143204364,900,100,2,0,2,TRUE,normal,1,0,2
Model IRS,-0.003532327586162998,0.1349163843344641,0.09004337173527614,0.9405,0.279,0.5167272602972974,900,100,2,0,2,TRUE,normal,1,0,2
