approach,mpbias,rmspe,medae,coverage,prcloser,med_ci_len,N,n,total_var,psill_ratio,erange,gridded,resptype,nugget_ratio,psill,nugget
Design GRTS,0.004894305775291082,0.6366080580869123,0.3770631086133831,0.8445,0.231,1.5937027505409351,900,100,2,0,2,FALSE,lognormal,1,0,2
Design IRS,-0.018683723311614234,0.6427076471029032,0.3889203453312544,0.8595,0.232,1.7778352727474647,900,100,2,0,2,FALSE,lognormal,1,0,2
Model GRTS,0.001092137271680171,0.6430761952457469,0.3776099106037505,0.8585,0.261,1.7088485596320697,900,100,2,0,2,FALSE,lognormal,1,0,2
Model IRS,-0.03939540950979276,0.6726476296561349,0.3931043279510682,0.8565,0.278,1.7603484284327517,900,100,2,0,2,FALSE,lognormal,1,0,2
