approach,mpbias,rmspe,medae,coverage,prcloser,med_ci_len,N,n,total_var,psill_ratio,erange,gridded,resptype,nugget_ratio,psill,nugget
Design GRTS,0.24980964976493783,0.5153719524078207,0.5571392128492996,0.8,0.4,0.851342704716373,900,10,2,0.5,2,TRUE,lognormal,0.5,1,1
Design IRS,0.8030103769146979,1.2106442029358353,0.4104084646515218,0.8,0,2.308729268402386,900,10,2,0.5,2,TRUE,lognormal,0.5,1,1
Model GRTS,0.2701297866672766,0.423714994847935,0.25250353349589094,0.6,0.4,0.7375254895403485,900,10,2,0.5,2,TRUE,lognormal,0.5,1,1
Model IRS,0.657588959353402,1.0555327303680433,0.37171719769141764,0.8,0.2,2.308771692623983,900,10,2,0.5,2,TRUE,lognormal,0.5,1,1
