approach,mpbias,rmspe,medae,coverage,prcloser,med_ci_len,N,n,total_var,psill_ratio,erange,gridded,resptype,nugget_ratio,psill,nugget
Design GRTS,0.09644099913879745,0.42799341475190034,0.08863549288926009,1,0,1.3276808214162514,900,100,2,0.9,2,FALSE,lognormal,0.09999999999999998,1.8,0.19999999999999996
Design IRS,0.49020303697954454,0.6240074833392016,0.501783357184368,0.8,0.2,1.5650397054254501,900,100,2,0.9,2,FALSE,lognormal,0.09999999999999998,1.8,0.19999999999999996
Model GRTS,0.05467125004089668,0.39910298303863573,0.055471480348591506,1,0.6,1.3784319131369984,900,100,2,0.9,2,FALSE,lognormal,0.09999999999999998,1.8,0.19999999999999996
Model IRS,0.4074955132371559,0.5738267043240678,0.4069268525426928,0.8,0.2,1.0661397097574339,900,100,2,0.9,2,FALSE,lognormal,0.09999999999999998,1.8,0.19999999999999996
