approach,mpbias,rmspe,medae,coverage,prcloser,med_ci_len,N,n,total_var,psill_ratio,erange,gridded,resptype,nugget_ratio,psill,nugget
Design GRTS,-0.002195206445313838,0.09625407766674192,0.06331929276052653,0.9235,0.2345,0.3479587025467334,900,50,2,0.9,2,FALSE,normal,0.09999999999999998,1.8,0.19999999999999996
Design IRS,-0.0021540597744134824,0.14510025606002538,0.09924154743112967,0.9445,0.3315,0.5456888544106758,900,50,2,0.9,2,FALSE,normal,0.09999999999999998,1.8,0.19999999999999996
Model GRTS,-0.0015704280744550441,0.08809900771377818,0.06043114119107318,0.936,0.2165,0.3276729160291109,900,50,2,0.9,2,FALSE,normal,0.09999999999999998,1.8,0.19999999999999996
Model IRS,-0.0015866767076834411,0.10175156273512012,0.06919648285019292,0.935,0.2175,0.3819460698839896,900,50,2,0.9,2,FALSE,normal,0.09999999999999998,1.8,0.19999999999999996
