approach,mpbias,rmspe,medae,coverage,prcloser,med_ci_len,N,n,total_var,psill_ratio,erange,gridded,resptype,nugget_ratio,psill,nugget
Design GRTS,-9.676223889435203e-4,0.10140588093909768,0.07110556094334763,0.9145,0.2385,0.3569919344617792,900,100,2,0.5,2,TRUE,normal,0.5,1,1
Design IRS,-5.405965750706429e-4,0.10699260911099397,0.07264123552999019,0.964,0.273,0.45074189724037633,900,100,2,0.5,2,TRUE,normal,0.5,1,1
Model GRTS,-0.0010894952572316236,0.10060014206385773,0.07074512718378048,0.9365,0.238,0.3812595000842903,900,100,2,0.5,2,TRUE,normal,0.5,1,1
Model IRS,-5.736941257135672e-4,0.1041172098049942,0.07048457323991633,0.9335,0.2505,0.3881704831144135,900,100,2,0.5,2,TRUE,normal,0.5,1,1
