approach,mpbias,rmspe,medae,coverage,prcloser,med_ci_len,N,n,total_var,psill_ratio,erange,gridded,resptype,nugget_ratio,psill,nugget
Design GRTS,0.04971823447530359,0.07558612235477731,0.07309177083819063,1,0.2,0.3238454534391581,900,50,2,0.9,2,TRUE,normal,0.09999999999999998,1.8,0.19999999999999996
Design IRS,-0.20180186116670815,0.5079723985767849,0.3473627248124832,0.4,0.4,0.6469853113862216,900,50,2,0.9,2,TRUE,normal,0.09999999999999998,1.8,0.19999999999999996
Model GRTS,0.040936908334504876,0.08132870825851055,0.06262827453001557,1,0.2,0.32249882251540646,900,50,2,0.9,2,TRUE,normal,0.09999999999999998,1.8,0.19999999999999996
Model IRS,-0.013151346011755188,0.39135879461956785,0.15926933565678625,0.8,0.2,1.4306671285156574,900,50,2,0.9,2,TRUE,normal,0.09999999999999998,1.8,0.19999999999999996
