approach,mpbias,rmspe,medae,coverage,prcloser,med_ci_len,N,n,total_var,psill_ratio,erange,gridded,resptype,nugget_ratio,psill,nugget
Design GRTS,0.09558644949533363,0.11620222982959648,0.07103763841101812,1,0.2,0.5686212893644877,900,50,2,0.5,2,TRUE,normal,0.5,1,1
Design IRS,-0.10010363485303571,0.4443661716559724,0.1208825287807167,0.6,0.4,0.6995192836873884,900,50,2,0.5,2,TRUE,normal,0.5,1,1
Model GRTS,0.11099487818408132,0.13483661629313923,0.07412180801516866,1,0,0.5853297491834368,900,50,2,0.5,2,TRUE,normal,0.5,1,1
Model IRS,-0.08899167459418929,0.4202809717152568,0.1683712456643437,0.8,0.4,1.2418401892965416,900,50,2,0.5,2,TRUE,normal,0.5,1,1
