approach,mpbias,rmspe,medae,coverage,prcloser,med_ci_len,N,n,total_var,psill_ratio,erange,gridded,resptype,nugget_ratio,psill,nugget
Design GRTS,0.03227834770364199,0.04478290141132078,0.018667103875672164,0.8,0,0.14972881646311365,900,200,2,0.9,2,TRUE,normal,0.09999999999999998,1.8,0.19999999999999996
Design IRS,-0.028914938533296745,0.038225601084173846,0.021896645746843024,1,0.6,0.2503591242149214,900,200,2,0.9,2,TRUE,normal,0.09999999999999998,1.8,0.19999999999999996
Model GRTS,0.037503376659752966,0.04859320988700162,0.030098485626621985,0.8,0,0.1347208219522935,900,200,2,0.9,2,TRUE,normal,0.09999999999999998,1.8,0.19999999999999996
Model IRS,-0.00574430766110358,0.020077572466435722,0.01619884658588583,1,0.4,0.14551902990109897,900,200,2,0.9,2,TRUE,normal,0.09999999999999998,1.8,0.19999999999999996
