approach,mpbias,rmspe,medae,coverage,prcloser,med_ci_len,N,n,total_var,psill_ratio,erange,gridded,resptype,nugget_ratio,psill,nugget
Design GRTS,-0.23103193926863907,0.5386009756470038,0.26501986408023015,0.8,0.6,1.1639723964865984,900,200,2,0,2,FALSE,lognormal,1,0,2
Design IRS,0.1604967906694373,0.24741239776484086,0.14426176549119551,0.8,0,0.9342879807708051,900,200,2,0,2,FALSE,lognormal,1,0,2
Model GRTS,-0.23075820295259844,0.5389393392781031,0.26234936858292723,0.8,0.2,1.2045693462030371,900,200,2,0,2,FALSE,lognormal,1,0,2
Model IRS,0.16137375720919533,0.2516572402736854,0.1325131494148657,0.8,0.2,0.9343051488471461,900,200,2,0,2,FALSE,lognormal,1,0,2
