approach,mpbias,rmspe,medae,coverage,prcloser,med_ci_len,N,n,total_var,psill_ratio,erange,gridded,resptype,nugget_ratio,psill,nugget
Design GRTS,0.16415808096899792,0.3920295865824743,0.39439963284164753,1,0,1.4376579529358136,900,10,2,0,2,FALSE,normal,1,0,2
Design IRS,-0.02679047708548313,0.32706880760814694,0.17963434354964986,1,0.4,1.576336042325509,900,10,2,0,2,FALSE,normal,1,0,2
Model GRTS,0.1669035844549807,0.39707001244398255,0.3954607870122576,1,0,1.74325999944345,900,10,2,0,2,FALSE,normal,1,0,2
Model IRS,-0.07504041237288206,0.31272618858324386,0.15730977354088974,1,0.6,1.2935983571257328,900,10,2,0,2,FALSE,normal,1,0,2
