approach,mpbias,rmspe,medae,coverage,prcloser,med_ci_len,N,n,total_var,psill_ratio,erange,gridded,resptype,nugget_ratio,psill,nugget
Design GRTS,-0.010624146552210391,0.5260822083881159,0.2075336932239782,0.88,0.24,1.0126156105621402,900,100,2,0.5,2,FALSE,lognormal,0.5,1,1
Design IRS,-0.001966061679891051,0.5609428947036366,0.20303583833507538,0.8895,0.263,1.1612525466484667,900,100,2,0.5,2,FALSE,lognormal,0.5,1,1
Model GRTS,-0.019850909201509486,0.5358197362232746,0.20471809524094597,0.8875,0.243,1.066707501020335,900,100,2,0.5,2,FALSE,lognormal,0.5,1,1
Model IRS,-0.020880815731109403,0.5570484000174784,0.2027953480641882,0.8835,0.254,1.092065333486408,900,100,2,0.5,2,FALSE,lognormal,0.5,1,1
