approach,mpbias,rmspe,medae,coverage,prcloser,med_ci_len,N,n,total_var,psill_ratio,erange,gridded,resptype,nugget_ratio,psill,nugget
Design GRTS,0.3840399294566072,0.7560754388572688,0.3641598977608327,1,0.2,2.481239319441518,900,10,2,0.9,2,TRUE,lognormal,0.09999999999999998,1.8,0.19999999999999996
Design IRS,0.04314805157838816,0.8067389157479403,0.7238632063767874,0.8,0.4,2.975419306171804,900,10,2,0.9,2,TRUE,lognormal,0.09999999999999998,1.8,0.19999999999999996
Model GRTS,0.463583553170172,0.7621751194484286,0.5149310225540358,1,0,1.7685378836492625,900,10,2,0.9,2,TRUE,lognormal,0.09999999999999998,1.8,0.19999999999999996
Model IRS,-0.17165813299943836,0.8543086095459334,0.30571215861351586,0.8,0.4,2.9754739812043947,900,10,2,0.9,2,TRUE,lognormal,0.09999999999999998,1.8,0.19999999999999996
