approach,mpbias,rmspe,medae,coverage,prcloser,med_ci_len,N,n,total_var,psill_ratio,erange,gridded,resptype,nugget_ratio,psill,nugget
Design GRTS,0.009236249413957395,0.9617620576820435,0.5013365988224772,0.791,0.226,1.9524335504184518,900,50,2,0,2,TRUE,lognormal,1,0,2
Design IRS,0.007674474253595368,1.0498010335252546,0.49853833144580917,0.8355,0.2295,2.2647193141431994,900,50,2,0,2,TRUE,lognormal,1,0,2
Model GRTS,-0.006869879656225717,0.980762388400933,0.5026772785554889,0.81,0.259,2.125020376599257,900,50,2,0,2,TRUE,lognormal,1,0,2
Model IRS,-0.027357049735165992,1.2010648428135984,0.49853833144577897,0.823,0.2895,2.2112233447026948,900,50,2,0,2,TRUE,lognormal,1,0,2
