approach,mpbias,rmspe,medae,coverage,prcloser,med_ci_len,N,n,total_var,psill_ratio,erange,gridded,resptype,nugget_ratio,psill,nugget
Design GRTS,-0.19046922298033575,0.5872062045811224,0.5284127391889215,1,0.6,1.975837066843813,900,50,2,0,2,TRUE,lognormal,1,0,2
Design IRS,0.8018098418128974,0.8734686290956846,0.9259511400438543,0.4,0,1.4034961644215658,900,50,2,0,2,TRUE,lognormal,1,0,2
Model GRTS,-0.18427101381135405,0.5829241982456775,0.5261249303327,1,0.2,2.246016140050915,900,50,2,0,2,TRUE,lognormal,1,0,2
Model IRS,0.7938219651899716,0.8632405136639822,0.9443629626055519,0.4,0.2,1.9783749914861541,900,50,2,0,2,TRUE,lognormal,1,0,2
