approach,mpbias,rmspe,medae,coverage,prcloser,med_ci_len,N,n,total_var,psill_ratio,erange,gridded,resptype,nugget_ratio,psill,nugget
Design GRTS,0.249418043310735,0.7478560275006602,0.8743060962236937,0.8,0,2.145369770589187,900,50,2,0.5,2,FALSE,lognormal,0.5,1,1
Design IRS,0.1416851787853015,0.7038656127428546,0.6404128348289682,1,0.4,2.059765528519592,900,50,2,0.5,2,FALSE,lognormal,0.5,1,1
Model GRTS,0.25957075211705627,0.7846056337515676,0.8975784472815223,0.8,0.4,2.3752187479062536,900,50,2,0.5,2,FALSE,lognormal,0.5,1,1
Model IRS,0.13244817228390282,0.6781370138023408,0.5987848476027811,0.8,0.2,1.868196471807262,900,50,2,0.5,2,FALSE,lognormal,0.5,1,1
