approach,mpbias,rmspe,medae,coverage,prcloser,med_ci_len,N,n,total_var,psill_ratio,erange,gridded,resptype,nugget_ratio,psill,nugget
Design GRTS,-5.397319019021894e-4,0.9151172055150556,0.5382200301126359,0.8075,0.244,2.025238512240071,900,50,2,0,2,FALSE,lognormal,1,0,2
Design IRS,0.011635571639146308,0.9683965333249916,0.5319877201766655,0.8205,0.224,2.2733024282611574,900,50,2,0,2,FALSE,lognormal,1,0,2
Model GRTS,-0.01753429375062221,0.9425668880720006,0.5438543173419637,0.824,0.26,2.188844120767849,900,50,2,0,2,FALSE,lognormal,1,0,2
Model IRS,-0.02350324255464612,1.0054701273436144,0.5530636311015127,0.815,0.273,2.2217681924761283,900,50,2,0,2,FALSE,lognormal,1,0,2
