approach,mpbias,rmspe,medae,coverage,prcloser,med_ci_len,N,n,total_var,psill_ratio,erange,gridded,resptype,nugget_ratio,psill,nugget
Design GRTS,0.3777972807190044,0.7415054942737492,0.2386476783827609,0.8,0.4,3.9345532427641894,900,10,2,0,2,TRUE,lognormal,1,0,2
Design IRS,0.8855167960277502,1.34482450351783,1.011941169237153,0.6,0,2.236275917055033,900,10,2,0,2,TRUE,lognormal,1,0,2
Model GRTS,0.43544413754749817,0.7531386138407331,0.18427098280234766,0.8,0.2,3.6224910465919895,900,10,2,0,2,TRUE,lognormal,1,0,2
Model IRS,0.8694435652898956,1.3501805937353017,1.0119411692371407,0.6,0.4,2.236317009904828,900,10,2,0,2,TRUE,lognormal,1,0,2
