approach,mpbias,rmspe,medae,coverage,prcloser,med_ci_len,N,n,total_var,psill_ratio,erange,gridded,resptype,nugget_ratio,psill,nugget
Design GRTS,-0.26148696772436414,0.6917871351523163,0.31843300867368085,0.6,0.6,1.22304147588209,900,10,2,0.5,2,FALSE,lognormal,0.5,1,1
Design IRS,-0.15145123754195108,0.7176564721596735,0.3191309912039606,0.8,0.4,3.312431813641223,900,10,2,0.5,2,FALSE,lognormal,0.5,1,1
Model GRTS,-0.25669455077533776,0.6938717475429286,0.3375791895438196,0.6,0,1.2746439553646263,900,10,2,0.5,2,FALSE,lognormal,0.5,1,1
Model IRS,-0.1499962997798049,0.7176591996112205,0.31913099120395494,0.8,0,3.31249268147151,900,10,2,0.5,2,FALSE,lognormal,0.5,1,1
