approach,mpbias,rmspe,medae,coverage,prcloser,med_ci_len,N,n,total_var,psill_ratio,erange,gridded,resptype,nugget_ratio,psill,nugget
Design GRTS,-0.006296348909813757,0.09467541813752497,0.047771091308588164,1,0.4,0.4947568297380696,900,100,2,0,2,TRUE,normal,1,0,2
Design IRS,0.0014976760029845131,0.09323165559235798,0.035029122444295756,1,0.2,0.5210603881919318,900,100,2,0,2,TRUE,normal,1,0,2
Model GRTS,-0.005601065236657554,0.0942485408680889,0.04352921587668586,1,0,0.533211442975413,900,100,2,0,2,TRUE,normal,1,0,2
Model IRS,-0.00533818996181383,0.08245655003051156,0.035029122444295395,1,0.4,0.5308858079909619,900,100,2,0,2,TRUE,normal,1,0,2
