approach,mpbias,rmspe,medae,coverage,prcloser,med_ci_len,N,n,total_var,psill_ratio,erange,gridded,resptype,nugget_ratio,psill,nugget
Design GRTS,0.006120014445408981,0.49453456391227985,0.2033321184734886,0.8595,0.2585,1.0100336966784265,900,100,2,0.5,2,TRUE,lognormal,0.5,1,1
Design IRS,0.015585366701902336,0.5284732022790907,0.20359109423197275,0.906,0.236,1.1751477582062129,900,100,2,0.5,2,TRUE,lognormal,0.5,1,1
Model GRTS,0.00149702484039916,0.496547054195272,0.20515259612294012,0.8705,0.2495,1.075117505061698,900,100,2,0.5,2,TRUE,lognormal,0.5,1,1
Model IRS,0.0020099183458378287,0.5345749688640462,0.19827542219971295,0.88,0.256,1.0612172367538542,900,100,2,0.5,2,TRUE,lognormal,0.5,1,1
