approach,mpbias,rmspe,medae,coverage,prcloser,med_ci_len,N,n,total_var,psill_ratio,erange,gridded,resptype,nugget_ratio,psill,nugget
Design GRTS,-9.851365779373798e-4,0.1930197216046275,0.13089106476309303,0.9175,0.251,0.6701704672332547,900,50,2,0,2,TRUE,normal,1,0,2
Design IRS,-5.628465369786218e-5,0.19392106473444354,0.12779962264573427,0.9475,0.2375,0.7580184781836499,900,50,2,0,2,TRUE,normal,1,0,2
Model GRTS,-0.0015830934481874802,0.19361312134596606,0.13129968317359708,0.9405,0.254,0.7389951686583793,900,50,2,0,2,TRUE,normal,1,0,2
Model IRS,-9.077601084400737e-5,0.19601884996005692,0.12804018468597742,0.937,0.259,0.7431105227044501,900,50,2,0,2,TRUE,normal,1,0,2
