approach,mpbias,rmspe,medae,coverage,prcloser,med_ci_len,N,n,total_var,psill_ratio,erange,gridded,resptype,nugget_ratio,psill,nugget
Design GRTS,-0.0695129772919748,0.16091024591086722,0.14654228201925557,1,0.4,0.6003876714110744,900,50,2,0,2,FALSE,normal,1,0,2
Design IRS,0.03592553520380695,0.11210035323716276,0.04665161251746212,1,0.2,0.7427097164249592,900,50,2,0,2,FALSE,normal,1,0,2
Model GRTS,-0.07011467267345729,0.15808219498444778,0.1465422820192575,1,0.2,0.6563460204288754,900,50,2,0,2,FALSE,normal,1,0,2
Model IRS,0.02361214501918873,0.1254072987974296,0.046651612517462214,1,0.2,0.726364882260429,900,50,2,0,2,FALSE,normal,1,0,2
