approach,mpbias,rmspe,medae,coverage,prcloser,med_ci_len,N,n,total_var,psill_ratio,erange,gridded,resptype,nugget_ratio,psill,nugget
Design GRTS,0.2665558531486103,0.48150322716774174,0.10639568221805273,0.6,0,0.7414265807595557,900,50,2,0.9,2,TRUE,lognormal,0.09999999999999998,1.8,0.19999999999999996
Design IRS,-0.21354321295984505,1.57581830975701,0.9157517467022765,0.2,0.4,1.1554594333333803,900,50,2,0.9,2,TRUE,lognormal,0.09999999999999998,1.8,0.19999999999999996
Model GRTS,0.2922562439120537,0.44238273160952646,0.08014300496382809,0.6,0.2,0.7605049126276118,900,50,2,0.9,2,TRUE,lognormal,0.09999999999999998,1.8,0.19999999999999996
Model IRS,0.7617892665320113,1.2319284011082294,0.12865796993440437,0.8,0.4,2.0371338810586286,900,50,2,0.9,2,TRUE,lognormal,0.09999999999999998,1.8,0.19999999999999996
