approach,mpbias,rmspe,medae,coverage,prcloser,med_ci_len,N,n,total_var,psill_ratio,erange,gridded,resptype,nugget_ratio,psill,nugget
Design GRTS,0.11915337166465947,0.2136555198756737,0.04310028344914363,1,0,0.14562853412956295,900,50,2,0.9,2,FALSE,lognormal,0.09999999999999998,1.8,0.19999999999999996
Design IRS,0.24767431310426388,0.37683348590266447,0.039340687235398575,1,0,0.26247721066325935,900,50,2,0.9,2,FALSE,lognormal,0.09999999999999998,1.8,0.19999999999999996
Model GRTS,0.09037713707495225,0.15275469080354998,0.024707170669318046,0.8,0.6,0.13374724339921518,900,50,2,0.9,2,FALSE,lognormal,0.09999999999999998,1.8,0.19999999999999996
Model IRS,0.13312727772502844,0.20504930326312923,0.05785256991887078,1,0.4,0.17668188501942156,900,50,2,0.9,2,FALSE,lognormal,0.09999999999999998,1.8,0.19999999999999996
