approach,mpbias,rmspe,medae,coverage,prcloser,med_ci_len,N,n,total_var,psill_ratio,erange,gridded,resptype,nugget_ratio,psill,nugget
Design GRTS,0.3959388409994887,0.48000725617935447,0.515831363773641,0.6,0,0.7495095708362585,900,10,2,0.9,2,FALSE,lognormal,0.09999999999999998,1.8,0.19999999999999996
Design IRS,-0.001469003470395258,0.6451150768356215,0.6316838396846416,0.8,0,2.290832740302755,900,10,2,0.9,2,FALSE,lognormal,0.09999999999999998,1.8,0.19999999999999996
Model GRTS,0.39172143847366914,0.4761490272512869,0.49772667433179485,0.6,0.4,0.9215817335332042,900,10,2,0.9,2,FALSE,lognormal,0.09999999999999998,1.8,0.19999999999999996
Model IRS,-0.26895187621489436,0.5935498146602876,0.2406162952455122,0.8,0.6,2.090614694608428,900,10,2,0.9,2,FALSE,lognormal,0.09999999999999998,1.8,0.19999999999999996
