approach,mpbias,rmspe,medae,coverage,prcloser,med_ci_len,N,n,total_var,psill_ratio,erange,gridded,resptype,nugget_ratio,psill,nugget
Design GRTS,-0.025573500003833845,0.12626729425339883,0.09211532709391237,0.8,0.2,0.33347960256397696,900,200,2,0,2,FALSE,normal,1,0,2
Design IRS,0.06536502972121487,0.12326322303103372,0.06942286761052185,0.8,0.4,0.34682634009308455,900,200,2,0,2,FALSE,normal,1,0,2
Model GRTS,-0.026022163416255968,0.12789845082294665,0.09227362283423166,0.8,0.4,0.34269810967451025,900,200,2,0,2,FALSE,normal,1,0,2
Model IRS,0.06643251870240091,0.12282540399500465,0.06942286761052213,0.8,0,0.3468327132255739,900,200,2,0,2,FALSE,normal,1,0,2
