approach,mpbias,rmspe,medae,coverage,prcloser,med_ci_len,N,n,total_var,psill_ratio,erange,gridded,resptype,nugget_ratio,psill,nugget
Design GRTS,-0.011101350102413598,0.23888991670100126,0.1622834480431683,1,0.4,1.1799098610033134,900,100,2,0.5,2,FALSE,lognormal,0.5,1,1
Design IRS,0.28375280165412253,0.6751720551448643,0.2978279432629436,0.6,0,1.2051029261521835,900,100,2,0.5,2,FALSE,lognormal,0.5,1,1
Model GRTS,-0.057537358752744086,0.282525433713677,0.14856063586989654,1,0.4,1.2830172059823939,900,100,2,0.5,2,FALSE,lognormal,0.5,1,1
Model IRS,0.26054190914464015,0.4221005641683172,0.16729328358942164,0.6,0.2,1.15837357414045,900,100,2,0.5,2,FALSE,lognormal,0.5,1,1
