approach,mpbias,rmspe,medae,coverage,prcloser,med_ci_len,N,n,total_var,psill_ratio,erange,gridded,resptype,nugget_ratio,psill,nugget
Design GRTS,0.0010259076851507577,0.43505241005713524,0.09171311225013618,0.918,0.2465,0.5186152086973188,900,100,2,0.9,2,FALSE,lognormal,0.09999999999999998,1.8,0.19999999999999996
Design IRS,-0.004777986949357524,0.5828737153664654,0.12383438342351016,0.9275,0.311,0.7462524234024976,900,100,2,0.9,2,FALSE,lognormal,0.09999999999999998,1.8,0.19999999999999996
Model GRTS,-0.0025350851030469363,0.39747040199753175,0.08821491068209153,0.914,0.208,0.4873715173553308,900,100,2,0.9,2,FALSE,lognormal,0.09999999999999998,1.8,0.19999999999999996
Model IRS,-0.02873255279480876,0.5422651647614785,0.09543456994902311,0.9205,0.2345,0.5504628428038758,900,100,2,0.9,2,FALSE,lognormal,0.09999999999999998,1.8,0.19999999999999996
