approach,mpbias,rmspe,medae,coverage,prcloser,med_ci_len,N,n,total_var,psill_ratio,erange,gridded,resptype,nugget_ratio,psill,nugget
Design GRTS,0.327713357621367,0.4279947668936059,0.3857717975792613,1,0.2,1.5254870067410462,900,10,2,0,2,TRUE,normal,1,0,2
Design IRS,-0.153367212129186,0.2793359628304813,0.2558642840566094,1,0.2,1.658151252036521,900,10,2,0,2,TRUE,normal,1,0,2
Model GRTS,0.33551817364564973,0.43498176540891875,0.4224052258339233,1,0,1.7679505968024984,900,10,2,0,2,TRUE,normal,1,0,2
Model IRS,-0.1880416025042549,0.3624208096484306,0.3441402380785804,1,0.6,1.641438190019838,900,10,2,0,2,TRUE,normal,1,0,2
