approach,mpbias,rmspe,medae,coverage,prcloser,med_ci_len,N,n,total_var,psill_ratio,erange,gridded,resptype,nugget_ratio,psill,nugget
Design GRTS,0.006027343029332576,0.1459752210020325,0.09795984804810062,0.9145,0.2465,0.5138996073880003,900,50,2,0.5,2,FALSE,normal,0.5,1,1
Design IRS,0.008940837642413279,0.17202548080784913,0.11354922779861448,0.9385,0.283,0.6571778941216126,900,50,2,0.5,2,FALSE,normal,0.5,1,1
Model GRTS,0.005868014234222831,0.14386808322373398,0.09729703644554222,0.9365,0.2205,0.5530826036043253,900,50,2,0.5,2,FALSE,normal,0.5,1,1
Model IRS,0.0074234885813049085,0.158000097671606,0.10621834738759904,0.931,0.25,0.5956890013616344,900,50,2,0.5,2,FALSE,normal,0.5,1,1
