approach,mpbias,rmspe,medae,coverage,prcloser,med_ci_len,N,n,total_var,psill_ratio,erange,gridded,resptype,nugget_ratio,psill,nugget
Design GRTS,-0.10118505400396542,0.37122943242808026,0.3493887647989862,0.4,0.2,0.9801011097960368,900,100,2,0.5,2,TRUE,lognormal,0.5,1,1
Design IRS,-0.7639288545088974,1.0835358052196358,0.8622863066311262,0.4,0.4,1.2602966290510853,900,100,2,0.5,2,TRUE,lognormal,0.5,1,1
Model GRTS,-0.09166736054844052,0.34695589391637743,0.3241797180385464,0.8,0.2,0.9080089449725144,900,100,2,0.5,2,TRUE,lognormal,0.5,1,1
Model IRS,-0.7130303414049974,0.9369111249331334,0.829897006049072,0.6,0.2,1.5507907942089703,900,100,2,0.5,2,TRUE,lognormal,0.5,1,1
