approach,mpbias,rmspe,medae,coverage,prcloser,med_ci_len,N,n,total_var,psill_ratio,erange,gridded,resptype,nugget_ratio,psill,nugget
Design GRTS,0.028503253202379206,0.11590748383608268,0.055336011357811674,1,0.4,0.4363256991585772,900,100,2,0,2,FALSE,normal,1,0,2
Design IRS,0.1312566812953866,0.1532009274226844,0.16008813985081843,1,0,0.5482196744332567,900,100,2,0,2,FALSE,normal,1,0,2
Model GRTS,0.030068088074873423,0.11550335031049246,0.05533601135781136,1,0.4,0.48114227391726644,900,100,2,0,2,FALSE,normal,1,0,2
Model IRS,0.12929774934908667,0.1511486131201793,0.14699453044408609,1,0.2,0.5482297482835213,900,100,2,0,2,FALSE,normal,1,0,2
