approach,mpbias,rmspe,medae,coverage,prcloser,med_ci_len,N,n,total_var,psill_ratio,erange,gridded,resptype,nugget_ratio,psill,nugget
Design GRTS,-0.027679927740245663,2.1074440469857683,1.061556603660223,0.6725,0.2005,2.869096401823015,900,10,2,0,2,FALSE,lognormal,1,0,2
Design IRS,-0.027327538602303057,2.0501001886201617,1.0626283656255908,0.7105,0.1955,3.3576818819345062,900,10,2,0,2,FALSE,lognormal,1,0,2
Model GRTS,-0.07990624524657072,2.1977202436379204,1.0753741140946431,0.68,0.281,2.952404781088683,900,10,2,0,2,FALSE,lognormal,1,0,2
Model IRS,-0.1612885875204161,2.278475864375423,1.0699811394058285,0.684,0.324,3.1801568375268943,900,10,2,0,2,FALSE,lognormal,1,0,2
