approach,mpbias,rmspe,medae,coverage,prcloser,med_ci_len,N,n,total_var,psill_ratio,erange,gridded,resptype,nugget_ratio,psill,nugget
Design GRTS,-0.023448174054404924,0.033224544675587296,0.017816406964927034,1,0,0.22406535629987612,900,100,2,0.9,2,TRUE,normal,0.09999999999999998,1.8,0.19999999999999996
Design IRS,-0.22365414331138742,0.4848693078479371,0.16359737386411155,0.6,0.6,0.3677094750538137,900,100,2,0.9,2,TRUE,normal,0.09999999999999998,1.8,0.19999999999999996
Model GRTS,-0.025574196808179583,0.040594100491555214,0.039374743650574306,1,0.2,0.2088680163049796,900,100,2,0.9,2,TRUE,normal,0.09999999999999998,1.8,0.19999999999999996
Model IRS,-0.017257071151850233,0.17667812132399827,0.1436361429783321,1,0.2,1.0774141293517236,900,100,2,0.9,2,TRUE,normal,0.09999999999999998,1.8,0.19999999999999996
