approach,mpbias,rmspe,medae,coverage,prcloser,med_ci_len,N,n,total_var,psill_ratio,erange,gridded,resptype,nugget_ratio,psill,nugget
Design GRTS,-0.010996789730252463,0.04947851633027638,0.05303762614232606,1,0.4,0.23366826816386288,900,100,2,0.9,2,FALSE,normal,0.09999999999999998,1.8,0.19999999999999996
Design IRS,0.0874382291348576,0.0926664851817479,0.08485281771747397,1,0,0.3837331734009508,900,100,2,0.9,2,FALSE,normal,0.09999999999999998,1.8,0.19999999999999996
Model GRTS,0.009448953653882937,0.04880519607988045,0.020141916266844816,1,0,0.2127704019438215,900,100,2,0.9,2,FALSE,normal,0.09999999999999998,1.8,0.19999999999999996
Model IRS,-0.0020378753375756816,0.05251936025545428,0.031885502066503424,1,0.6,0.2173743713744185,900,100,2,0.9,2,FALSE,normal,0.09999999999999998,1.8,0.19999999999999996
