approach,mpbias,rmspe,medae,coverage,prcloser,med_ci_len,N,n,total_var,psill_ratio,erange,gridded,resptype,nugget_ratio,psill,nugget
Design GRTS,0.017472720803524418,0.6309256683434757,0.39139398861054886,0.8275,0.227,1.5634468395660432,900,100,2,0,2,TRUE,lognormal,1,0,2
Design IRS,0.012341254952460334,0.651711191489036,0.37072912256663293,0.8595,0.257,1.7304265615478016,900,100,2,0,2,TRUE,lognormal,1,0,2
Model GRTS,0.01081084138201503,0.6450213337708818,0.3898255366651464,0.846,0.2635,1.6947963421855898,900,100,2,0,2,TRUE,lognormal,1,0,2
Model IRS,0.0037278735920618865,0.6697764266650604,0.3733763252297697,0.854,0.254,1.7038443706363404,900,100,2,0,2,TRUE,lognormal,1,0,2
