approach,mpbias,rmspe,medae,coverage,prcloser,med_ci_len,N,n,total_var,psill_ratio,erange,gridded,resptype,nugget_ratio,psill,nugget
Design GRTS,0.15860396137336086,0.26637962906220736,0.06224811612577996,1,0.2,0.7377465790491069,900,200,2,0.9,2,TRUE,lognormal,0.09999999999999998,1.8,0.19999999999999996
Design IRS,-0.3177543492039842,0.746206389652049,0.23757389027553044,0.8,0.4,0.8399438048755039,900,200,2,0.9,2,TRUE,lognormal,0.09999999999999998,1.8,0.19999999999999996
Model GRTS,0.16098199371553157,0.23108535238414707,0.06815569254337106,1,0,0.7260565332438502,900,200,2,0.9,2,TRUE,lognormal,0.09999999999999998,1.8,0.19999999999999996
Model IRS,-0.24167294984320747,0.5485533832551908,0.18543047869137563,0.8,0.4,0.5570549581443482,900,200,2,0.9,2,TRUE,lognormal,0.09999999999999998,1.8,0.19999999999999996
