approach,mpbias,rmspe,medae,coverage,prcloser,med_ci_len,N,n,total_var,psill_ratio,erange,gridded,resptype,nugget_ratio,psill,nugget
Design GRTS,0.13814136902297386,0.3003560625798854,0.2776405066470695,1,0.4,1.4515471132691495,900,100,2,0,2,FALSE,lognormal,1,0,2
Design IRS,0.12200536185026704,0.3036608861328421,0.20306019048991963,1,0.4,1.8651989037199064,900,100,2,0,2,FALSE,lognormal,1,0,2
Model GRTS,0.14599495751836233,0.2580872992074699,0.12901613612637552,1,0.2,1.5933603422195215,900,100,2,0,2,FALSE,lognormal,1,0,2
Model IRS,0.10184344782649273,0.28853821600571494,0.12735254703248478,1,0.2,1.8652331778172202,900,100,2,0,2,FALSE,lognormal,1,0,2
