approach,mpbias,rmspe,medae,coverage,prcloser,med_ci_len,N,n,total_var,psill_ratio,erange,gridded,resptype,nugget_ratio,psill,nugget
Design GRTS,-0.01130018776143255,0.4436119371817211,0.29193201017452053,0.868,0.227,1.4458223444882123,900,10,2,0,2,TRUE,normal,1,0,2
Design IRS,-0.020723694037419856,0.4408979615937,0.30244485110242825,0.92,0.2405,1.6860983279170434,900,10,2,0,2,TRUE,normal,1,0,2
Model GRTS,-0.014341933762608911,0.4522834016173416,0.29630255075369005,0.867,0.2645,1.515687816106386,900,10,2,0,2,TRUE,normal,1,0,2
Model IRS,-0.02141544928167783,0.4519774415194306,0.3110977217119879,0.8845,0.27,1.5570714682170008,900,10,2,0,2,TRUE,normal,1,0,2
