approach,mpbias,rmspe,medae,coverage,prcloser,med_ci_len,N,n,total_var,psill_ratio,erange,gridded,resptype,nugget_ratio,psill,nugget
Design GRTS,6.19067996044148e-4,0.051776074310148815,0.03564109105114381,0.8,0.4,0.14068288324682499,900,200,2,0.9,2,FALSE,normal,0.09999999999999998,1.8,0.19999999999999996
Design IRS,-0.04566841687540765,0.07251085912733231,0.08859443427611946,1,0.6,0.2347027250875951,900,200,2,0.9,2,FALSE,normal,0.09999999999999998,1.8,0.19999999999999996
Model GRTS,-0.0017608712162405296,0.03781666797626975,0.03700875299242812,1,0,0.12532087838059836,900,200,2,0.9,2,FALSE,normal,0.09999999999999998,1.8,0.19999999999999996
Model IRS,-0.004706029000626136,0.02394170180273553,0.008937626272155358,1,0,0.15729185908953036,900,200,2,0.9,2,FALSE,normal,0.09999999999999998,1.8,0.19999999999999996
