approach,mpbias,rmspe,medae,coverage,prcloser,med_ci_len,N,n,total_var,psill_ratio,erange,gridded,resptype,nugget_ratio,psill,nugget
Design GRTS,0.1939585612897495,0.655466375110102,0.5016609225199591,0.6,0.4,0.8446151275232499,900,200,2,0.5,2,TRUE,lognormal,0.5,1,1
Design IRS,-0.0389619463972767,0.4128478463221153,0.12409272669212701,0.8,0.2,0.8898426643066477,900,200,2,0.5,2,TRUE,lognormal,0.5,1,1
Model GRTS,0.1841847678949017,0.6074426062696276,0.5364664599780293,0.8,0,0.8610521873380939,900,200,2,0.5,2,TRUE,lognormal,0.5,1,1
Model IRS,-0.047418880046823375,0.3910069345020229,0.11151474292659191,0.8,0.4,0.8071834714586956,900,200,2,0.5,2,TRUE,lognormal,0.5,1,1
