approach,mpbias,rmspe,medae,coverage,prcloser,med_ci_len,N,n,total_var,psill_ratio,erange,gridded,resptype,nugget_ratio,psill,nugget
Design GRTS,1.0042912157651254,1.2452227827837707,1.3745313276992863,0.4,0.4,1.5951707645941204,900,10,2,0,2,FALSE,lognormal,1,0,2
Design IRS,1.1281937428546496,1.1970829798853786,1.0988272467646991,0.4,0.2,1.9442105218687986,900,10,2,0,2,FALSE,lognormal,1,0,2
Model GRTS,1.0110975316296298,1.239882920918226,1.3745313276992843,0.4,0,1.752744060832149,900,10,2,0,2,FALSE,lognormal,1,0,2
Model IRS,0.7782414248569437,1.1615932107367,1.0988272467647093,0.4,0.4,1.856569028648805,900,10,2,0,2,FALSE,lognormal,1,0,2
