approach,mpbias,rmspe,medae,coverage,prcloser,med_ci_len,N,n,total_var,psill_ratio,erange,gridded,resptype,nugget_ratio,psill,nugget
Design GRTS,-0.027327652724848182,0.37303421912194284,0.39535285034170503,1,0.2,1.529578457977387,900,10,2,0.5,2,TRUE,normal,0.5,1,1
Design IRS,0.04803173275914637,0.19921994644783014,0.12247977733958415,1,0.4,1.3904564173155074,900,10,2,0.5,2,TRUE,normal,0.5,1,1
Model GRTS,0.03146162462284881,0.5124101602698048,0.38420441736764405,0.8,0.2,1.4900947552605157,900,10,2,0.5,2,TRUE,normal,0.5,1,1
Model IRS,0.007572048529387193,0.11292735747076338,0.13012345983450585,1,0.2,1.0299492771945027,900,10,2,0.5,2,TRUE,normal,0.5,1,1
